field_code,field_name,field_description,field_category
A001101000,货币资金,公司库存现金、银行结算户存款、外埠存款、银行汇票存款、银行本票存款、信用卡存款、信用证保证金存款等的合计数。1990年起使用 单位:元,资产负债表
A0d1101101,其中:客户资金存款,金融企业的客户资金存款数。 单位:元,资产负债表
A0d1102000,结算备付金,从事证券业务的金融企业为证券交易的资金清算与交收而存入指定清算代理机构的款项。 单位:元,资产负债表
A0d1102101,其中：客户备付金,证券经纪业务取得的客户备付金。 单位:元,资产负债表
A0b1103000,现金及存放中央银行款项,企业持有的现金、存放中央银行款项等总额。 单位:元,资产负债表
A0b1104000,存放同业款项,企业（银行）存放于境内、境外银行和非银行金融机构的款项。 单位:元,资产负债表
A0b1105000,贵金属,企业（金融）持有的黄金、白银等贵金属存货的成本。 单位:元,资产负债表
A0f1106000,拆出资金净额,拆出资金是企业（金融）拆借给境内、境外其他金融机构的款项与相关贷款损失准备科目之差额。 单位:元,资产负债表
A001107000,交易性金融资产,交易性金融资产是企业为交易目的所持有的债券投资、股票投资、基金投资等交易性金融资产的公允价值。企业持有的直接指定为以公允价值计量且其变动计入当期损益的金融资产，也在本科目核算。2007年起使用。 单位:元,资产负债表
A0f1108000,衍生金融资产,企业持有的衍生工具、套期工具、被套期项目中属于衍生金融资产的金额。 单位:元,资产负债表
A001109000,短期投资净额,"“短期投资”与“短期投资跌价准备”之差额。短期投资是公司购入的各种能随时变现，并准备随时变现的、持有时间不超过一年(含一年)的股票和债券，以及不超过一年(含一年)的其他投资。1998年起使用, 2007年新准则停止使用但本库予以保留。 单位:元",资产负债表
A001110000,应收票据净额,为应收票据与其坏帐准备之差额。应收票据是公司收到的未到期收款也未向银行贴现的票据，包括商业承兑汇票和银行承兑汇票。但不包括已背书转让的应收票据。1991年起使用。 单位:元,资产负债表
A001111000,应收账款净额,为应收账款与应收账款坏账准备的差额.应收账款是公司因销售商品、产品、材料、提供劳务及办理工程结算等业务，而应向购买单位或接受劳务单位收取的款项。2007年起使用。 单位:元,资产负债表
A001112000,预付款项净额,为“预付账款”和“应付账款”借方余额之和减去“坏帐准备”的差额。预付款项是企业按照购货合同规定预付给供应单位的款项。 单位:元,资产负债表
A0i1113000,应收保费净额,为应收保费与其坏帐准备之差额。应收保费是金融企业应向投保人收取但尚未收到的保费。 单位:元,资产负债表
A0i1114000,应收分保账款净额,为应收分保账款与其坏帐准备之差额。应收分保账款是企业（保险）从事再保险业务应收取的款项。 单位:元,资产负债表
A0i1115000,应收代位追偿款净额,为代位追偿款与其坏帐准备之差额。代位追偿款，是指保险人承担赔偿保险责任后，依法从被保险人取得代为追偿权向第三者责任人索赔而应取得的赔款。 单位:元,资产负债表
A0i1116000,应收分保合同准备金净额,为应收分保合同准备金与其坏帐准备之差额。应收分保合同准备金是企业（再保险分出人）从事再保险业务确认的应收分保未到期责任准备金，以及应向再保险接受人摊回的保险责任准备金。2007年起使用。 单位:元,资产负债表
A0i1116101,其中:应收分保未到期责任准备金净额,属于分出的未赚保费，是对当期分出保费的调整。 单位:元,资产负债表
A0i1116201,其中:应收分保未决赔款准备金净额,为应收分保未决赔款准备金与其坏帐准备之差额。应收分保未决赔款准备金是企业从事再保险业务应向再保险接受人摊回的应收分保未决赔款准备金扣减累计减值准备后的账面价值。 单位:元,资产负债表
A0i1116301,其中:应收分保寿险责任准备金净额,为应收分保寿险责任准备金与其坏帐准备之差额。应收分保寿险责任准备金是企业从事再保险业务应向再保险接受人摊回的应收分保寿险责任准备金扣减累计减值准备后的账面价值。 单位:元,资产负债表
A0i1116401,其中:应收分保长期健康险责任准备金净额,为应收分保长期健康险责任准备金与其坏帐准备之差额。应收分保长期健康险责任准备金净是企业从事再保险业务应向再保险接受人摊回的应收分保长期健康险责任准备金扣减累计减值准备后的账面价值。 单位:元,资产负债表
A001119000,应收利息净额,为应收利息与其坏帐准备之差额。应收利息是公司因债权投资而应收取的利息。公司购入到期还本付息债券应收的利息不包括在本项目内。1998年起使用 单位:元,资产负债表
A001120000,应收股利净额,为应收股利与其坏帐准备之差额。应收股利是公司因股权投资而应收取的现金股利。公司应收其他单位的利润，也包括在本项目内。1998年起使用 单位:元,资产负债表
A001121000,其他应收款净额,为其他应收款与其他应收款坏账准备的差额.其他应收款是企业除存出保证金、买入返售金融资产、应收票据、应收账款、预付账款、应收股利、应收利息、应收代位追偿款、应收分保账款、应收分保合同准备金、长期应收款等以外的其他各种应收及暂付款项。2007年起使用。 单位:元,资产负债表
A0f1122000,买入返售金融资产净额,为买入返售金融资产与其坏帐准备之差额。买入返售金融资产是企业（金融）按照返售协议约定先买入再按固定价格返售的票据、证券、贷款等金融资产所融出的资金。2007年起使用。 单位:元,资产负债表
A001123000,存货净额,“存货”与“存货跌价准备”之差额。存货，是指企业在日常活动中持有以备出售的产成品或商品、处在生产过程中的在产品、在生产过程或提供劳务过程中耗用的材料和物料等。1990年起使用 单位:元,资产负债表
A001124000,一年内到期的非流动资产,公司拥有的一年内到期的非流动资产的帐面价值。 2007年起使用。 单位:元,资产负债表
A0d1126000,存出保证金,企业（金融）因办理业务需要存出或交纳的各种保证金款项。 单位:元,资产负债表
A001125000,其他流动资产,不能列入流动资产其他各项目的流动资产。1990年起使用 单位:元,资产负债表
A001100000,流动资产合计,流动资产各项目之合计，金融企业不计算此项目。1990年起使用 单位:元,资产负债表
A0i1224000,保户质押贷款净额,为保户质押贷款与相关贷款损失准备科目之差额。 单位:元,资产负债表
A0i1225000,定期存款,指保险公司存放在金融机构的定期存款。 单位:元,资产负债表
A0b1201000,发放贷款及垫款净额,企业发放的贷款和贴现资产扣减贷款损失准备期末余额后的金额。 单位:元,资产负债表
A001202000,可供出售金融资产净额,可供出售金融资产净额为可供出售金融资产与可供出售金融资产减值准备净额之差额。可供出售金融资产是企业持有的可供出售金融资产的公允价值，包括划分为可供出售的股票投资、债券投资等金融资产。2007年起使用。 单位:元,资产负债表
A001203000,持有至到期投资净额,企业持有至到期投资与持有至到期投资减值准备之差额。持有至到期投资，是指到期日固定、回收金额固定或可确定，且企业有明确意图和能力持有至到期的非衍生金融资产。通常情况下，企业持有的、在活跃市场上有公开报价的国债、企业债券、金融债券等，可以划分为持有至到期投资。2007年起使用。 单位:元,资产负债表
A001204000,长期应收款净额,为长期应收款与其坏帐准备、未实现融资收益的差额。长期应收款是企业的长期应收款项，包括融资租赁产生的应收款项、采用递延方式具有融资性质的销售商品和提供劳务等产生的应收款项等。实质上构成对被投资单位净投资的长期权益，也通过本科目核算。 2007年起使用。 单位:元,资产负债表
A001205000,长期股权投资净额,长期股权投资与长期股权投资减值准备之差额.2007年起使用。2007年前长期股权投资定义为公司不准备在一年内(含一年)变现的各种股权性质的投资，包括购入的股票和其他股权投资。2007年新准则后将原“长期股权投资”分别在“长期股权投资”和“可供出售金融资产”和“商誉”中核算。 单位:元,资产负债表
A001206000,长期债权投资净额,长期债权投资与长期债权投资减值准备之差额.。公司不准备在一年内(含一年)变现的各种债权性质的投资，如债券投资。2007年新准则后长期债权投资科目取消，本库予以保留 单位:元,资产负债表
A001207000,长期投资净额,长期投资各项目之合计与长期投资减值准备项目之差额。长期投资项目包括长期股权投资、长期债券投资与其他长期投资。1998年起使用，2007 年新准则停止使用但本库予以保留。 单位:元,资产负债表
A0i1209000,存出资本保证金,企业（保险）按规定比例缴存的资本保证金。 单位:元,资产负债表
A0i1210000,独立账户资产,企业（保险）对分拆核算的投资连结产品不属于风险保障部分确认的独立账户资产价值。 单位:元,资产负债表
A001211000,投资性房地产净额,投资性房地产是指为赚取租金或资本增值，或两者兼有而持有的房地产，包括已出租的土地使用权、持有并准备增值后转让的土地使用权、已出租的建筑物。投资性房地产净额是投资性房地产与投资性房地产减值准备、投资性房地产累计折旧之差额。2007年起使用。 单位:元,资产负债表
A001212000,固定资产净额,固定资产净额为固定资产原价除去累计折旧和固定资产减值准备之后的净额。固定资产是企业持有的固定资产原价，建造承包商的临时设施，以及企业购置计算机硬件所附带的、未单独计价的软件，也通过本科目核算。2000年起使用。2007年新准则后符合原固定资产符合“投资性房地产”定义的记入“投资性房地产”项目进行核算。 单位:元,资产负债表
A001213000,在建工程净额,在建工程与在建工程减值准备之差额。在建工程是公司期末各项未完工程的实际支出，包括占用土地的地价、前期准备费用、交付安装的设备价值，未完建筑安装工程已耗用的材料、基本建设管理费、预付出包工程的价款，已经建筑安装完毕但尚未交付使用的建筑安装工程成本等。2000年起使用 单位:元,资产负债表
A001214000,工程物资,公司各项工程尚未使用的工程物资的实际成本。1997年起使用 单位:元,资产负债表
A001215000,固定资产清理,公司因出售、毁损、报废等原因转入清理但尚未清理完毕的固定资产的净值，以及固定资产清理过程中所发生的清理费用和变价收入等各项金额的差额。1992年起使用 单位:元,资产负债表
A001216000,生产性生物资产净额,生产性生物资产净额为生产性生物资产与生产性生物资产减值准备之差额。生产性生物资产，是指为产出农产品、提供劳务或出租等目的而持有的生物资产，包括经济林、薪炭林、产畜和役畜等。 2007年起使用。 单位:元,资产负债表
A001217000,油气资产净额,油气资产净额为油气资产与累计折耗之差额。油气资产是企业（石油天然气开采）持有的矿区权益和油气井及相关设施的原价。 单位:元,资产负债表
A001218000,无形资产净额,公司各项无形资产的原价扣除摊销和减值准备后的净额。公司的无形资产包括专利权、非专利技术、商标权、著作权、土地使用权等。2000年起使用。2007年新准则后原无形资产分别在“无形资产”、“商誉”、“投资性房地产”中进行核算。 单位:元,资产负债表
A0d1218101,其中:交易席位费,证券公司交纳的交易席位费的可回收金额。 单位:元,资产负债表
A001219000,开发支出,开发过程中资本化后但还没有结转为无形资产的部分。 2007年起使用。 单位:元,资产负债表
A001220000,商誉净额,商誉净额为商誉与商誉减值准备之差额。商誉是企业合并中形成的商誉价值。 2007年起使用。 单位:元,资产负债表
A001221000,长期待摊费用,公司尚未摊销的除开办费以外的摊销期限在一年以上(不含一年）的各种费用，如租入固定资产改良支出、大修理支出以及摊销期限在一年以上(不含一年)的其他待摊费用。1998年起使用。 单位:元,资产负债表
A001222000,递延所得税资产,企业确认的可抵扣暂时性差异产生的递延所得税资产。 2007年起使用。 单位:元,资产负债表
A001223000,其他非流动资产,企业除了上述非流动资产以外的非流动资产合计。 2007年起使用。 单位:元,资产负债表
A001200000,非流动资产合计,上述非流动资产的合计数，金融企业不计算该项目。 2007年起使用。 单位:元,资产负债表
A0f1300000,其他资产,金融企业披露的其他资产。 单位:元,资产负债表
A001000000,资产总计,资产各项目之总计。1990年起使用 单位:元,资产负债表
A002101000,短期借款,公司借入的尚未归还的的一年期以下(含一年)的借款。 单位:元,资产负债表
A0d2101101,其中:质押借款,指证券公司通过质押方式从银行融资获得的金额。 单位:元,资产负债表
A0b2102000,向中央银行借款,银行向中央银行借入临时周转借款，季节性借款，年度性借款以及因特殊需要经批准向中央银行借入特种借款等。 单位:元,资产负债表
A0b2103000,吸收存款及同业存放,银行吸收的客户存款或者其他金融机构存放于本行的款项。 单位:元,资产负债表
A0b2103101,其中：同业及其他金融机构存放款项,其他银行或金融机构因发生日常结算往来而存入本银行的清算款项。 单位:元,资产负债表
A0b2103201,其中：吸收存款,企业（银行）吸收的除同业存放款项以外的其他各种存款. 单位:元,资产负债表
A0f2104000,拆入资金,金融企业从金融机构拆入的款项。 单位:元,资产负债表
A002105000,交易性金融负债,企业承担的交易性金融负债的公允价值。企业持有的直接指定为以公允价值计量且其变动计入当期损益的金融负债，也在本科目核算。2007年起使用。 单位:元,资产负债表
A0f2106000,衍生金融负债,企业持有的衍生工具、套期工具、被套期项目中属于衍生金融负债的金额。 单位:元,资产负债表
A002107000,应付票据,公司为了抵付货款等而开出的尚未到期付款的应付票据，包括银行承兑汇票和商业承兑汇票。1991年起使用 单位:元,资产负债表
A002108000,应付账款,公司购买原材料、商品或接受劳务供应等而应付给供应单位的款项。1990年起使用 单位:元,资产负债表
A002109000,预收款项,公司按照购货合同规定预收购买单位的款项。1990年起使用 单位:元,资产负债表
A0f2110000,卖出回购金融资产款,企业（金融）按照回购协议先卖出再按固定价格买入的票据、证券、贷款等金融资产所融入的资金。2007年起使用。 单位:元,资产负债表
A0i2111000,应付手续费及佣金,保险企业因业务往来应支付的手续费及佣金。 单位:元,资产负债表
A002112000,应付职工薪酬,企业根据有关规定应付给职工的各种薪酬。可按“工资”、“职工福利”、“社会保险费”、“住房公积金”、“工会经费”、“职工教育经费”、“非货币性福利”、“辞退福利”、“股份支付”等进行明细核算。2007年起使用。 单位:元,资产负债表
A002113000,应交税费,企业按照税法等规定计算应交纳的各种税费，包括增值税、消费税、营业税、所得税、资源税、土地增值税、城市维护建设税、房产税、土地使用税、车船使用税、教育费附加、矿产资源补偿费等。企业代扣代交的个人所得税等，也通过本科目核算。2007年起使用。 单位:元,资产负债表
A002114000,应付利息,核算企业对于按期付息、到期偿还本金的长期借款、应付债券和其他长期负债按期计提的利息。注：2002年起使用，部分企业使用本项目。 单位:元,资产负债表
A002115000,应付股利,公司经董事会或股东大会决议确定分配的、尚未支付的现金股利。1991年起使用 单位:元,资产负债表
A0i2116000,应付赔付款,保险企业应支付但尚未支付的赔付款项。 单位:元,资产负债表
A0i2117000,应付保单红利,企业（保险）按原保险合同约定应付未付投保人的红利 单位:元,资产负债表
A0i2118000,保户储金及投资款,企业（保险）收到投保人以储金本金增值作为保费收入的储金及收到投保人投资型保险业务的投资款。 单位:元,资产负债表
A0i2119000,保险合同准备金,保险合同准备金包括未到期责任准备金、未决赔款准备金、寿险责任准备金和长期健康险责任准备金。 单位:元,资产负债表
A0i2119101,其中:未到期责任准备金,未到期责任准备金，是指保险人为尚未终止的非寿险保险责任提取的准备金。 单位:元,资产负债表
A0i2119201,其中:未决赔款准备金,未决赔款准备金，是指保险人为非寿险保险事故已发生尚未结案的赔案提取的准备金。 单位:元,资产负债表
A0i2119301,其中:寿险责任准备金,寿险责任准备金，是指保险人为尚未终止的人寿保险责任提取的准备金。 单位:元,资产负债表
A0i2119401,其中:长期健康险责任准备金,长期健康险责任准备金，是指保险人为尚未终止的长期健康保险责任提取的准备金。 单位:元,资产负债表
A002120000,其他应付款,企业除应付票据、应付账款、预收账款、应付职工薪酬、应付利息、应付股利、应交税费、长期应付款等以外的其他各项应付、暂收的款项。1990年起使用 单位:元,资产负债表
A0i2121000,应付分保账款,企业（保险）从事再保险业务应付未付的款项。2007年起使用. 单位:元,资产负债表
A0d2122000,代理买卖证券款,企业（证券）接受客户委托，代理客户买卖股票、债券和基金等有价证券而收到的款项。2007年起使用。 单位:元,资产负债表
A0d2123000,代理承销证券款,企业（金融）接受委托，采用承购包销方式或代销方式承销证券所形成的、应付证券发行人的承销资金。2007年起使用。 单位:元,资产负债表
A0i2124000,预收保费,企业（保险）收到未满足保费收入确认条件的保险费。 单位:元,资产负债表
A002125000,一年内到期的非流动负债,一年内到期的非流动负债的帐面价值。 2007年起使用。 单位:元,资产负债表
A002126000,其他流动负债,不能列入流动负债其他各项目的流动负债。不能列入流动负债其他各项目的流动负债。 单位:元,资产负债表
A002100000,流动负债合计,流动负债各项目之合计。1990年起使用 单位:元,资产负债表
A002201000,长期借款,公司向银行或其他金融机构借入的期限在一年期以上(不含一年)的各项借款。1990年起使用 单位:元,资产负债表
A0d2202000,独立账户负债,企业（保险）对分拆核算的投资连结产品不属于风险保障部分确认的独立账户负债。 单位:元,资产负债表
A002203000,应付债券,企业为筹集（长期）资金而发行债券的本金和利息。企业发行的可转换公司债券，应将负债和权益成份进行分拆，分拆后形成的负债成份在本科目核算。 单位:元,资产负债表
A002204000,长期应付款,公司除长期借款和应付债券以外的其他各种长期应付款，包括采用补偿贸易方式下引进国外设备价款、应付融资租入固定资产租赁费等。1991年起使用 单位:元,资产负债表
A002205000,专项应付款,公司因承担专项建设任务等形成的应付款项。如应付科技三项费用等。注：2000年起使用，该项目为备用项目。 单位:元,资产负债表
A002206000,长期负债合计,长期负债各项目之合计。1990年起使用，2007年停止使用。 单位:元,资产负债表
A002207000,预计负债,"公司预计的各项或有负债，如预计的待决诉讼费用。07年以前属于流动性负债,07年后属于非流动性负债。注：2000年起使用。 单位:元",资产负债表
A002208000,递延所得税负债,企业确认的应纳税暂时性差异产生的所得税负债。2007年起使用。 单位:元,资产负债表
A002209000,其他非流动负债,除上述非流动负债以外的非流动负债的合计。 2007年起使用。 单位:元,资产负债表
A002200000,非流动负债合计,所有非流动负债的合计。 2007年起使用。 单位:元,资产负债表
A0f2300000,其他负债,金融企业披露的其他负债。 单位:元,资产负债表
A002000000,负债合计,负债各项目之合计。1990年起使用 单位:元,资产负债表
A003101000,实收资本(或股本),按照公司章程的规定，股东投入公司的股本总额与已归还投资之差额。 单位:元,资产负债表
A003102000,资本公积,公司资本公积的期末余额。包括股本溢价、法定财产重估增值、住房公积金转入、接受捐赠的资产价值、投资准备等。1990年起使用 单位:元,资产负债表
A003102101,其中：库存股,企业收购、转让或注销的本公司股份金额。2007年起使用。 单位:元,资产负债表
A003103000,盈余公积,指按照国家有关规定从利润中提取的公积金。包括法定盈余公积金、任意盈余公积金和公益金，按照税后利润扣除弥补以前年度亏损(如果有)后的数额的一定比例提取。1991年起使用 单位:元,资产负债表
A0f3104000,一般风险准备,企业（金融）按规定从净利润中提取的一般风险准备。 单位:元,资产负债表
A003105000,未分配利润,公司尚未分配的利润。1990年起使用 单位:元,资产负债表
A003106000,外币报表折算差额,因记账本位币不同而产生的货币折算差额。 单位:元,资产负债表
A003107000,未确认的投资损失,编制合并报表时按权益法核算的长期投资项目，如被投资企业的所有者权益为负数时，公司承担的被投资企业负所有者权益之份额。1997年起使用，2007年停止使用。 单位:元,资产负债表
A003100000,归属于母公司所有者权益合计,合并报表中归属于母公司所有者份额的权益。2007年起使用。 单位:元,资产负债表
A003200000,少数股东权益,子公司所有者权益中由母公司以外的其他投资者拥有的份额。注：1991年起使用. 单位:元,资产负债表
A003000000,所有者权益合计,股东权益各项目之合计。1990年起使用 单位:元,资产负债表
A004000000,负债与所有者权益总计,负债与股东权益各项目之总计。1990年起使用 单位:元,资产负债表
B001100000,营业总收入,企业经营过程中所有收入之和. 单位:元,损益表
B001101000,营业收入,企业经营过程中确认的营业收入。 单位:元,损益表
Bbd1102000,利息净收入,企业所确认的利息收入与发生的利息支出之差额。 单位:元,损益表
Bbd1102101,利息收入,企业（金融）确认的利息收入，包括发放的各类贷款（银团贷款、贸易融资、贴现和转贴现融出资金、协议透支、信用卡透支、转贷款、垫款等）、与其他金融机构（中央银行、同业等）之间发生资金往来业务、买入返售金融资产等实现的利息收入等。 单位:元,损益表
Bbd1102203,利息支出,企业（金融）发生的利息支出，包括吸收的各种存款（单位存款、个人存款、信用卡存款、特种存款、转贷款资金等）、与其他金融机构（中央银行、同业等）之间发生资金往来业务、卖出回购金融资产等产生的利息支出。 单位:元,损益表
B0i1103000,已赚保费,"反映""保险业务收入""项目金额减去""分出保费""及“提取未到期责任准备金”项目金额后的余额。 单位:元",损益表
B0i1103101,保险业务收入,反映企业从事保险业务确认的原保费收入和分保费收入。 单位:元,损益表
B0i1103111,其中：分保费收入,反映企业从事再保险业务确认的收入。 单位:元,损益表
B0i1103203,减：分出保费,反映企业从事再保险业务分出的保费。 单位:元,损益表
B0i1103303,减：提取未到期责任准备金,企业（保险）提取的非寿险原保险合同未到期责任准备金和再保险合同分保未到期责任准备金。 单位:元,损益表
B0d1104000,手续费及佣金净收入,企业确认的手续费及佣金收入与发生的各项手续费、佣金支出之差额。 单位:元,损益表
B0d1104101,其中：代理买卖证券业务净收入,证券公司代理买卖证券业务收入与支出之差额。 单位:元,损益表
B0d1104201,其中:证券承销业务净收入,证券公司证券承销业务收入与支出之差额。 单位:元,损益表
B0d1104301,其中：受托客户资产管理业务净收入,证券公司受托客户资产管理业务收入与支出之差额。 单位:元,损益表
B0d1104401,手续费及佣金收入,企业（金融）确认的手续费及佣金收入，包括办理结算业务、咨询业务、担保业务、代保管等代理业务以及办理受托贷款及投资业务等取得的手续费及佣金. 单位:元,损益表
B0d1104501,手续费及佣金支出,企业（金融）发生的与其经营活动相关的各项手续费、佣金等支出。 单位:元,损益表
B0f1105000,其他业务收入,企业经营的其他业务所确认的收入。 单位:元,损益表
B001200000,营业总成本,企业经营过程中所有成本之和. 单位:元,损益表
B001201000,营业成本,企业确认的营业成本。 单位:元,损益表
B0i1202000,退保金,企业（保险）寿险原保险合同提前解除时按照约定应当退还投保人的保单现金价值。 单位:元,损益表
B0i1203000,赔付支出净额,反映“赔付支出”项目金额减去“摊回赔付支出”项目金额后的余额。 单位:元,损益表
B0i1203101,赔付支出,企业（保险）支付的原保险合同赔付款项和再保险合同赔付款项。 单位:元,损益表
B0i1203203,减：摊回赔付支出,企业（再保险分出人）向再保险接受人摊回的赔付成本。 单位:元,损益表
B0i1204000,提取保险责任准备金净额,反映“提取保险责任准备金”项目金额减去“摊回保险责任准备金”项目金额后的余额。 单位:元,损益表
B0i1204101,提取保险责任准备金,反映企业提取的保险责任准备金，包括未决赔款准备金、寿险准备金、长期健康险准备金。 单位:元,损益表
B0i1204203,减：摊回保险责任准备金,企业（再保险分出人）从事再保险业务应向再保险接受人摊回的保险责任准备金。 单位:元,损益表
B0i1205000,保单红利支出,企业（保险）按原保险合同约定支付给投保人的红利. 单位:元,损益表
B0i1206000,分保费用,企业（再保险接受人）向再保险分出人支付的分保费用。 单位:元,损益表
B001207000,营业税金及附加,企业经营活动发生的营业税、消费税、城市维护建设税、资源税和教育费附加等相关税费。 2007年新准则后取消“主营业务税金及附加”，使用“营业税金及附加”。 单位:元,损益表
B0f1208000,业务及管理费,是企业（金融）在业务经营和管理过程中所发生的各项费用，包括电子设备运转费、安全防范费、物业管理费等费用。 单位:元,损益表
B0i1208103,减：摊回分保费用,反映企业从事再保险分出业务向再保险接受人摊回的分保费用。 单位:元,损益表
B001209000,销售费用,公司商品销售过程中发生的费用。包括运输费、装卸费、包装费、保险费、展览费和广告费等。 单位:元,损益表
B001210000,管理费用,企业为组织和管理企业生产经营所发生的管理费用。2007年新准则后原管理费用的资产减值损失列入“资产减值损失”科目核算。 单位:元,损益表
B001211000,财务费用,公司为筹集生产经营所需资金等而发生的费用，包括利息支出(减利息收入)、汇兑损失(减汇兑收益)以及相关的手续费等。 单位:元,损益表
B001212000,资产减值损失,企业计提各项资产减值准备所形成的损失。 单位:元,损益表
B0f1213000,其他业务成本,企业经营的其他业务所发生的成本。 单位:元,损益表
B001301000,公允价值变动收益,企业交易性金融资产、交易性金融负债，以及采用公允价值模式计量的投资性房地产、衍生工具、套期保值业务等公允价值变动形成的应计入当期损益的利得或损失。 单位:元,损益表
B001302000,投资收益,公司以各种方式对外投资所取得的收益。2007年新准则后原投资收益的资产减值损失列入“资产减值损失”科目核算。1991年起使用 单位:元,损益表
B001302101,其中：对联营企业和合营企业的投资收益,本期公司对联营企业和合营企业的投资收益。 单位:元,损益表
B001303000,汇兑收益,企业（金融）发生的外币交易因汇率变动而产生的汇兑收益。 单位:元,损益表
B001304000,其他业务利润,公司除主营业务以外其他销售或其他业务取得的收入，扣除其他业务成本、费用、税金后的利润。1990年起使用，2007年停用。 单位:元,损益表
B001300000,营业利润,与经营业务有关的利润。1990年起使用 单位:元,损益表
B001400000,营业外收入,本科目核算企业发生的各项营业外收入，主要包括非流动资产处置利得、非货币性资产交换利得、债务重组利得、政府补助、盘盈利得、捐赠利得等。1990年起使用 单位:元,损益表
B001500000,营业外支出,企业发生的各项营业外支出，包括非流动资产处置损失、非货币性资产交换损失、债务重组损失、公益性捐赠支出、非常损失、盘亏损失等。1990年起使用。2007年新准则后原营业外支出的资产减值损失列入“资产减值损失”科目核算。 单位:元,损益表
B001500101,其中：非流动资产处置净损益,年度内处置非流动资产产生的净损益合计。 2007年起使用。 单位:元,损益表
B001000000,利润总额,公司实现的利润总额。1990年起使用 单位:元,损益表
B002100000,所得税费用,企业确认的应从当期利润总额中扣除的所得税费用。 单位:元,损益表
B002200000,未确认的投资损失,在按权益法核算长期投资项目的情况下，编制合并报表时，如被投资企业的所有者权益为负数时，公司应承担的被投资企业负所有者权益之份额。1998年起使用，2007年停用。 单位:元,损益表
B002300000,影响净利润的其他项目,影响净利润的其他项目。 单位:元,损益表
B002000000,净利润,公司实现的净利润。注：1990年起使用，1994年前部分公司无此项。 单位:元,损益表
B002000101,归属于母公司所有者的净利润,合并报表净利润中归属于母公司所有者的净利润。2007年起使用。 单位:元,损益表
B002000201,少数股东损益,子公司年度损益中按少数股东所持有的公司股权比例计算的应属少数股东享有的利润或分担的亏损。1991年起使用。 单位:元,损益表
B003000000,基本每股收益,企业应当按照归属于普通股股东的当期净利润，除以发行在外普通股的加权平均数计算基本每股收益。 2007年起使用。 单位:元,损益表
B004000000,稀释每股收益,企业存在稀释性潜在普通股的，应当分别调整归属于普通股股东的当期净利润和发行在外普通股的加权平均数，并据以计算稀释每股收益。 2007年起使用。 单位:元,损益表
B005000000,其他综合收益(损失),根据企业会计准则规定未在损益中确认的各项利得和损失扣除所得税影响后的净额。2009年开始使用。,损益表
B006000000,综合收益总额,综合收益是指除所有者的出资额和各种为第三方或客户代收的款项以外的各种收入。2009年开始使用。,损益表
B006000101,归属于母公司所有者的综合收益,综合收益中归属于母公司所有者享有的部分。2009年开始使用。,损益表
B006000102,归属少数股东的综合收益,少数股东按照权益比例在综合损益中所占用的利润分配。2009年开始使用。,损益表
C001001000,销售商品、提供劳务收到的现金,公司销售商品、提供劳务实际收到的现金，包括本期销售商品(含销售商品产品、材料，下同)、提供劳务收到的现金，以及前期销售商品和前期提供劳务本期收到的现金和本期预收的款项，扣除本期退回本期销售的商品和前期销售本期退回的商品支付的现金。 单位:元,现金流量表_直接法
C0b1002000,客户存款和同业存放款项净增加额,本期吸收的境内外金融机构以及非同业存放款项以外的各种存款的净增加额。2007年开始使用。 单位:元,现金流量表_直接法
C0b1003000,向中央银行借款净增加额,本期向中央银行借入款项的净增加额。2007年开始使用。 单位:元,现金流量表_直接法
C0b1004000,向其他金融机构拆入资金净增加额,本期从境内外金融机构拆入款项所取得的现金，减去拆借给境内外金融机构款项而支付的现金后的净额。 2007年开始使用。 单位:元,现金流量表_直接法
C0i1005000,收到原保险合同保费取得的现金,反映保险公司本期收到的原保险合同保费取得的现金。包括本期收到的原保险保费收入、本期收到的前期应收原保险保费、本期预收的原保险保费和本期代其他企业收取的原保险保费，扣除本期保险合同提前解除以现金支付的退保费。2007年开始使用。 单位:元,现金流量表_直接法
C0i1006000,收到再保险业务现金净额,本期从事再保险业务从再保险分出人或再保险接受人实际收到的款项。2007年开始使用。 单位:元,现金流量表_直接法
C0i1007000,保户储金及投资款净增加额,本期实际向投保人收取的以租金利息为保费收入的储金、以及投资型保险业务的投资本金。2007年开始使用。 单位:元,现金流量表_直接法
C0d1008000,处置交易性金融资产净增加额,证券公司本期自行买卖交易性金融资产所取得的现金净增加额。2007年新准则起合并报表用。2007年开始使用。 单位:元,现金流量表_直接法
C0f1009000,收取利息、手续费及佣金的现金,本期收到的利息、手续费和佣金的金额。2007年开始使用。 单位:元,现金流量表_直接法
C0d1010000,拆入资金净增加额,本期从境内外金融机构拆入款项所取得的现金，减去拆借给境内外金融机构款项而支付的现金后的净额。2007年开始使用。 单位:元,现金流量表_直接法
C0d1011000,回购业务资金净增加额,本期按回购协议卖出票据、证券、贷款等金融资产所融入的现金，减去按返售协议约定先买入再按固定价格返售给买出方的票据、证券、贷款等金融资产所融出的现金后的净额。2007年开始使用。 单位:元,现金流量表_直接法
C001012000,收到的税费返还,反映企业收到返还的各种税费，如收到的增值税、营业税、所得税、消费税、关税和教育税附加返还款等。 单位:元,现金流量表_直接法
C001013000,收到的其他与经营活动有关的现金,公司除了上述各项目外，收到的其他与经营活动有关的现金，如捐赠现金收入、罚款收入、流动资产损失中由个人赔偿的现金收入等。收到的其他与经营活动有关的现金项目中如有价值较大的，应单列项目反映。 单位:元,现金流量表_直接法
C001014000,购买商品、接受劳务支付的现金,公司购买商品、接受劳务实际支付的现金，包括本期购入商品、接受劳务支付的现金，以及本期支付前期购入商品、接受劳务的未付款项和本期预付款项、购买或接受小规模纳税人所销售商品或提供的劳务而支付的增值税。本期发生的购货退回收到的现金(不含从一般纳税人购入货物退回收到的增值税额)应从本项目内扣除。 单位:元,现金流量表_直接法
C0b1015000,客户贷款及垫款净增加额,本期发放的各种客户贷款、以及办理商业票据贴现、转贴现融出及融入资金等业务的款项的净增加额。2007年开始使用。 单位:元,现金流量表_直接法
C0b1016000,存放中央银行和同业款项净增加额,本期存放于中央银行以及境内外金融机构的款项的净增加额。2007年开始使用。 单位:元,现金流量表_直接法
C0i1017000,支付原保险合同赔付款项的现金,反映保险公司本期实际支付原保险合同赔付的现金。 2007年开始使用。 单位:元,现金流量表_直接法
C0f1018000,支付利息、手续费及佣金的现金,本期实际支付的利息、手续费和佣金流出。 2007年开始使用。 单位:元,现金流量表_直接法
C0i1019000,支付保单红利的现金,企业（保险）按原保险合同约定实际支付给投保人的红利。2007年开始使用。 单位:元,现金流量表_直接法
C001020000,支付给职工以及为职工支付的现金,公司实际支付给职工，以及为职工支付的现金，包括本期实际支付给职工的工资、奖金、各种津贴和补贴等，以及为职工支付的养老保险、待业保险、补充养老保险、住房公积金、支付给职工的住房困难补助、支付的离退休人员的费用等。不包括支付给在建工程人员的工资。 单位:元,现金流量表_直接法
C001021000,支付的各项税费,企业本期发生并支付的、本期支付以前各期发生的以及预交的教育费附加、矿产资源补偿费、印花税、房产税、土地增值税、车船使用税、预交的营业税等税费，计入固定资产价值、实际支付的耕地占用税、本期退回的增值税、所得税等除外。 单位:元,现金流量表_直接法
C001022000,支付其他与经营活动有关的现金,公司除上述各项目外，支付的其他与经营活动有关的现金，如捐赠现金支出、罚款支出、支付的差旅费、业务招待费现金支出、支付的保险费、支付的动力费、支付的排污费、支付的退休金供款、支付的维修和保养费、支付的研究和开发费用、租金支出、支付的其他费用等，支付的其他与经营活动有关的现金项目中如有价值较大的，应单列项目反映。 单位:元,现金流量表_直接法
C001000000,经营活动产生的现金流量净额,经营活动产生的现金流入与经营活动产生的现金流出之差额。 单位:元,现金流量表_直接法
C002001000,收回投资收到的现金,反映企业出售、转让或到期收回除现金等价物以外的交易性资产、持有至到期投资、可供出售金融资产、长期股权投资、投资性房地产而收到的现金。不包括债权性投资收回的利息、收回的非现金资产、债权性投资收回的利息，以及处置子公司及其他营业单位收到的现金净额。 单位:元,现金流量表_直接法
C002002000,取得投资收益收到的现金,企业因股权性投资和债权性投资而取得的现金股利、利息，以及从子公司、联营企业和合营企业分回利润收到的现金。注：本项目是2000年以前年度“分得股利或利润所收到现金”和“取得债券利息收入所收到现金”的合并项。 单位:元,现金流量表_直接法
C002003000,处置固定资产、无形资产和其他长期资产收回的现金净额,反映企业出售固定资产、无形资产和其他长期资产所取得的现金，减去为处置这些资产而支付的有关费用后的净额。如处置固定资产、无形资产、其他长期资产所收回的现金净额为负数，应在“支付的其他与投资活动有关的现金”项目中反映。 单位:元,现金流量表_直接法
C002004000,处置子公司及其他营业单位收到的现金净额,企业本期购买和处置子公司及其他营业单位所收到的现金。 单位:元,现金流量表_直接法
C002005000,收到的其他与投资活动有关的现金,公司除了上述各项以外，收到的其他与投资活动有关的现金。收到的其他与投资活动有关的现金项目中如有价值较大的，应单列项目反映。 单位:元,现金流量表_直接法
C002006000,购建固定资产、无形资产和其他长期资产支付的现金,公司购买、建造固定资产，取得无形资产和其他长期资产支付的现金，不包括为购建固定资产而发生的借款利息资本化的部分，以及融资租入固定资产支付的租赁费。借款利息和融资租入固定资产支付的租赁费，在筹资活动产生的现金流量中单独反映。公司以分期付款方式购建的固定资产，其首次付款支付的现金作为投资活动的现金流出，以后各期支付的现金作为筹资活动的现金流出。 单位:元,现金流量表_直接法
C002007000,投资支付的现金,企业进行权益性投资和债权性投资支付的现金，包括企业取得的除现金等价物以外的交易性金融资产、持有至到期投资、可供出售金融资产而支付的现金、以及支付的佣金、手续费等附加费用。 单位:元,现金流量表_直接法
C0i2008000,质押贷款净增加额,本期发放保户质押贷款的净额。2007年开始使用。 单位:元,现金流量表_直接法
C002009000,取得子公司及其他营业单位支付的现金净额,企业本期购买和处置子公司及其他营业单位所支付的现金。 单位:元,现金流量表_直接法
C002010000,支付其他与投资活动有关的现金,公司除了上述各项以外，支付的其他与投资活动有关的现金。支付的其他与投资活动有关的现金项目中如有价值较大的，应单列项目反映。 单位:元,现金流量表_直接法
C002000000,投资活动产生的现金流量净额,投资活动产生的现金流入与投资活动产生的现金流出之差额。 单位:元,现金流量表_直接法
C003008000,吸收投资收到的现金,企业以发行股票、债券等方式筹集的资金实际收到款项净额。不包括以发行股票等方式筹集资金而由企业直接支付的审计、咨询等费用。 单位:元,现金流量表_直接法
C003001000,吸收权益性投资收到的现金,"公司以发行股票方式筹集的资金,实际收到的股款净额(发行收入减去支付的佣金等发行费用后的净额)。 单位:元",现金流量表_直接法
C003001101,其中：子公司吸收少数股东投资收到的现金,合并报表中子公司吸收少数股东投资收到的现金净额。 单位:元,现金流量表_直接法
C003003000,发行债券收到的现金,通过发行债券筹集资金所收到的现金。 单位:元,现金流量表_直接法
C003002000,取得借款收到的现金,公司向银行或其他金融机构等借入的资金。 单位:元,现金流量表_直接法
C003004000,收到其他与筹资活动有关的现金,公司除上述各项目外，收到的其他与筹资活动有关的现金。收到的其他与筹资活动有关的现金项目中如有价值较大的，应单列项目反映。 单位:元,现金流量表_直接法
C003005000,偿还债务支付的现金,公司以现金偿还债务的本金，包括偿还银行或其他金融机构等的借款本金、偿还债券本金等。公司偿还的借款利息、债券利息，不包括在本项目内，在“偿付利息所支付的现金”项目反映。 单位:元,现金流量表_直接法
C003006000,分配股利、利润或偿付利息支付的现金,公司以现金偿还债务的本金，包括偿还银行或其他金融机构等的借款本金、偿还债券本金等。公司偿还的借款利息、债券利息，不包括在本项目内，在“分配股利、利润或偿付利息所支付的现金”项目反映。 单位:元,现金流量表_直接法
C003006101,其中：子公司支付给少数股东的股利、利润,合并报表中子公司支付给其少数股东的股利、利润。 单位:元,现金流量表_直接法
C003007000,支付其他与筹资活动有关的现金,公司除了上述各项外，支付的其他与筹资活动有关的现金。支付的其他与筹资活动有关的现金项目中如有价值较大的，应单列项目反映。 单位:元,现金流量表_直接法
C003000000,筹资活动产生的现金流量净额,筹资活动产生的现金流入与筹资活动产生的现金流出之差额。 单位:元,现金流量表_直接法
C004000000,汇率变动对现金及现金等价物的影响,公司外币现金流量，按现金流量发生日的汇率或平均汇率折算的人民币元金额，与外币现金净额按期末汇率折算的人民币元金额之间的差额。 单位:元,现金流量表_直接法
C007000000,其他对现金的影响,其他影响现金的科目。 单位:元,现金流量表_直接法
C005000000,现金及现金等价物净增加额,公司会计期间内现金及现金等价物净增加额。 单位:元,现金流量表_直接法
C005001000,期初现金及现金等价物余额,期初现金及现金等价物的余额.2007年开始使用。 单位:元,现金流量表_直接法
C006000000,期末现金及现金等价物余额,期末现金及现金等价物的余额.2007年开始使用。 单位:元,现金流量表_直接法
D000101000,净利润,企业本期实现的净利润。 单位:元,现金流量表_间接法
D000117000,未确认的投资损失,在按权益法核算长期投资项目的情况下，编制合并报表时，如被投资企业的所有者权益为负数时，公司应承担的被投资企业负所有者权益之份额。1998年起使用，2007年停用。 单位:元,现金流量表_间接法
D000102000,资产减值准备,企业本期计提的各项资产的减值准备。 单位:元,现金流量表_间接法
D000103000,固定资产折旧、油气资产折耗、生产性生物资产折旧,反映企业本期计提的固定资产折旧、油气资产折耗、生产性生物生物资产折旧。2007年开始使用。 单位:元,现金流量表_间接法
D000104000,无形资产摊销,企业本期累计摊入成本费用的无形资产的价值。 单位:元,现金流量表_间接法
D000105000,长期待摊费用摊销,企业本期累计摊入成本费用的长期待摊费用。 单位:元,现金流量表_间接法
D000106000,处置固定资产、无形资产和其他长期资产的损失(收益以“－”号填列）,企业本期由于处置固定资产、无形资产和其他长期资产而发生的净损失。 单位:元,现金流量表_间接法
D000107000,固定资产报废损失(收益以“－”号填列）,企业本期固定资产盘亏(减盘盈)后的净损失。 单位:元,现金流量表_间接法
D000108000,公允价值变动损失(收益以“－”号填列）,企业持有的金融资产、金融负债以及采用公允价值计量模式的投资性房地产的公允价值变动损益。2007年起使用。 单位:元,现金流量表_间接法
D000109000,财务费用(收益以“－”号填列）,反映企业本期发生的应属于投资活动或筹资活动的财务费用。 单位:元,现金流量表_间接法
D000110000,投资损失(收益以“－”号填列）,企业本期投资所发生的损失减去收益后的净损失。 单位:元,现金流量表_间接法
D000111000,递延所得税资产减少（增加以“－”号填列）,企业资产负债表“递延所得税资产”项目的期初余额与期末余额的差额。2007年起使用。 单位:元,现金流量表_间接法
D000112000,递延所得税负债增加（减少以“－”号填列）,企业资产负债表“递延所得税负债”项目的期初余额与期末余额的差额。2007年开始使用。 单位:元,现金流量表_间接法
D000113000,存货的减少（增加以“－”号填列）,企业本期存货的减少(减增加)。 单位:元,现金流量表_间接法
D000114000,经营性应收项目的减少（增加以“－”号填列）,企业本期经营性应收项目(包括应收账款、应收票据和其他应收款中与经营活动有关的部分及应收的增值税销项税额等)的减少(减增加)。 单位:元,现金流量表_间接法
D000115000,经营性应付项目的增加（减少以“－”号填列）,企业本期经营性应付项目(包括应付账款、应付票据、应付福利费、应交税金、其他应付款中与经营活动有关的部分以及应付的增值税进项税额等)的增加(减：减少)。 单位:元,现金流量表_间接法
D000116000,其他,其他应调整的项目。 单位:元,现金流量表_间接法
D000100000,经营活动产生的现金流量净额,企业本期由经营活动所产生的现金流量净额。 单位:元,现金流量表_间接法
D000201000,债务转为资本,企业本期转为资本的债务金额。 单位:元,现金流量表_间接法
D000202000,一年内到期的可转换公司债券,企业一年内到期的可转换公司债券的本息。 单位:元,现金流量表_间接法
D000203000,融资租赁固定资产,企业本期融资租入的固定资产计入“长期应付款”科目的金额。 单位:元,现金流量表_间接法
D000204000,现金的期末余额,企业现金账户的期末余额。 单位:元,现金流量表_间接法
D000205000,现金的期初余额,企业现金账户的期初余额。 单位:元,现金流量表_间接法
D000206000,现金等价物的期末余额,企业现金等价物账户的期末余额。 单位:元,现金流量表_间接法
D000207000,现金等价物的期初余额,企业现金等价物账户的期初余额。 单位:元,现金流量表_间接法
D000200000,现金及现金等价物净增加额,企业本期现金及现金等价物的净增加额。 单位:元,现金流量表_间接法
Stkcd,证券代码,以上交所、深交所公布的证券代码为准,基本信息
Accper,会计年度,指会计报表日，统一用10位字符表示，如1999-12-31。,基本信息
Typrep,报表类型,A：合并报表；B：单一报表；在公司未公布合并报表，本数据库以单一报表数据添列。,基本信息
Cuntrycd,国家代码,本数据库以10表示中国,基本信息
Stknme,证券简称,以交易所公布的中文简称为准,基本信息
Conme,公司全称,以公司公布的中文名为准,基本信息
Indcd,行业代码A,0001=金融，0002=公用事业，0003=房地产，0004=综合，0005=工业，0006=商业,基本信息
Indnme,行业名称A,Finance=金融，Utilities=公用事业，Properties=房地产，Conglomerates=综合，Industrials=工业，Commerce=商业,基本信息
Nindcd,行业代码B,中国证监会公布的上市公司行业分类索引代码,基本信息
Nindnme,行业名称B,中国证监会公布的上市公司行业分类,基本信息
Estbdt,公司成立日期,以YYYY-MM-DD列示，部分缺少在相应位置上以00表示，如1993年12月某日表示为1993-12-00,基本信息
Listdt,上市日期,以YYYY-MM-DD表示，上市日期为此股票证券代码的上市日期.,基本信息
Favaldt,数据库最早交易记录的日期,以YYYY-MM-DD列示,基本信息
Curtrd,数据库中交易数据的计量货币,A股以人民币元计价，上海B股以美元计价，深圳B股以港币计价，CNY=人民币元，HKD=港币，USD=美元,基本信息
Ipoprm,股票发行溢价,,基本信息
Ipoprc,发行价格,,基本信息
Ipocur,发行价格的计量货币,CNY=人民币元，HKD=港币，USD=美元,基本信息
Nshripo,发行数量,,基本信息
Parvcur,股票面值的计量货币,计量货币：人民币元，CNY=人民币元,基本信息
Ipodt,发行日期,以YYYY-MM-DD表示,基本信息
Parval,股票面值,,基本信息
Sctcd,区域码,1=上海，2=深圳,基本信息
Statco,公司活动情况,A=正常交易，D＝终止上市，S=暂停上市，,基本信息
Crcd,AB股交叉码,A股和B股的交叉码，指同时拥有A股和B股的公司的A（B）股对应的B（A）股代码,基本信息
Statdt,情况变动日,以YYYY-MM-DD表示,基本信息
Commnt,H股交叉码,,基本信息
Markettype,市场类型,"1=上海A，2=上海B，4=深圳A，8=深圳B,",基本信息
F010101A,流动比率,流动资产／流动负债；当分母未公布或为零时，以NULL表示,偿债能力
F010201A,速动比率,（流动资产－存货）／流动负债；当分母未公布或为零时，以NULL表示,偿债能力
F010301A,保守速动比率,（货币资金+短期投资+交易性金融资产+应收票据+应收账款净额）／流动负债“短期投资”为07年前科目，“交易性金融资产”为07年后科目,偿债能力
F010401A,现金比率,现金及现金等价物期末余额／流动负债；当分母未公布或为零时，以NULL表示,偿债能力
F010501A,营运资金与借款比,（流动资产合计－流动负债合计）/（短期借款+长期借款）分子、分母各项为空时，以零值代替；分母合计项为零时，结果为空。,偿债能力
F010601A,营运资金,流动资产合计－流动负债合计流动负债合计，为空时，以零值取代。流动资产合计，为空时，结果以NULL表示。,偿债能力
F010701B,利息保障倍数A,（净利润+所得税费用+财务费用）／财务费用分子各项目为空时，以零值代替。分母为空值或是零值时，结果以NULL表示。,偿债能力
F010702B,利息保障倍数B,（净利润+财务费用）／财务费用分子各项目为空时，以零值代替。分母为空值或是零值时，结果以NULL表示。,偿债能力
F010801B,经营活动产生的现金流量净额／流动负债,经营活动产生的现金流量净额／流动负债合计分母为流动负债合计；分母为空或是零值，结果以NULL表示。,偿债能力
F010901B,现金流利息保障倍数,经营活动产生的现金流量净额／财务费用分子为空值时，结果为空。分母为空值或零值时，结果以NULL表示。,偿债能力
F011001B,现金流利息到期债务保障倍数,经营活动产生的现金流量净额／（一年内到期的非流动负债+应付票据）分母中各项目为空时，以零值替代，合计值为零时，结果以NULL表示。,偿债能力
F011201A,资产负债率,负债合计／资产总计分子为空，零值代替；分母为空或是零值，结果以NULL表示。,偿债能力
F011301A,长期借款与总资产比,长期借款／资产总计分子为空，零值代替；分母为空或是零值，结果以NULL表示。,偿债能力
F011401A,有形资产负债率,（负债合计）／（资产总计-无形资产净额-商誉净额）分子为空，零值代替；无形资产净额、商誉净额为空值时，以零代替；资产总计为空或是零值，结果以NULL表示；,偿债能力
F011501A,有形资产带息债务比,（非流动负债合计+短期借款+一年内到期的非流动负债）／（资产总计-无形资产净额-商誉净额）；分子为空，零值代替；无形资产净额、商誉净额为空值时，以零代替；资产总计为空或是零值，结果以NULL表示；,偿债能力
F011601A,权益乘数,资产总计／所有者权益合计分子、分母任一为空或是零值，结果以NULL表示；,偿债能力
F011701A,产权比率,负债合计／所有者权益合计分子为空时，以零值代替；分母为空或是零值，结果以NULL表示；,偿债能力
F011801A,权益对负债比率,所有者权益合计／负债合计分子为空时，以零值代替；分母为空或是零值，结果以NULL表示；,偿债能力
F011901A,长期资本负债率,非流动负债合计／（所有者权益合计+非流动负债合计）分子、分母各项为空时，以零值代替；分母合计项为零时，结果以NULL表示；,偿债能力
F012001A,长期负债权益比率,非流动负债合计／所有者权益合计分子、分母任一为空或是零值，结果以NULL表示；,偿债能力
F012101A,长期债务与营运资金比率,非流动负债合计／（流动资产合计-流动负债合计）分子、分母各项为空时，以零值代替；分母合计项为零时，结果以NULL表示；,偿债能力
F012201B,息税折旧摊销前利润／负债合计,（净利润+所得税费用+长期待摊费用摊销+无形资产摊销+固定资产折旧、油气资产折耗、生产性生物资产折旧）／（负债合计）平均余额；分母为负债合计的均值，（本期期末值+上年年末值）／2；分子个项目为空时，以零值代替，如果分子合计值为零时，结果以NULL表示；分母为空或是零值，结果以NULL表示；,偿债能力
F012301B,经营活动产生的现金流量净额／负债合计,经营活动产生的现金流量净额／（负债合计）平均余额分母为负债合计的均值，（本期期末值+上年年末值）／2；分母为空或是零值，结果以NULL表示；,偿债能力
F012401B,经营活动产生的现金流量净额／带息债务,经营活动产生的现金流量净额／（非流动负债合计+短期借款+一年内到期的非流动负债）平均余额分母为（非流动负债合计+短期借款+一年内到期的非流动负债）的均值，（本期期末值+上年年末值）／2；分母为空或是零值，结果以NULL表示；,偿债能力
F012501B,负债与权益市价比率,负债合计／市值A；,偿债能力
F012601B,有形净值债务率,负债总额／有形净资产总额；当分母未公布或为零或小于零时，以NULL表示；有形净资产总额=股东权益合计-无形资产净值,偿债能力
F012701B,固定支出偿付倍数,息税前利润／[利息费用+优先股股息÷（1－所得税税率）]当分母未公布或为零或小于零时，以NULL表示；,偿债能力
F020101,非经常性损益,非经常性损益该数据直接来源于上市公司年报的财务摘要,披露财务指标
F020102,归属于上市公司股东的扣除非经常性损益的净利润,归属于上市公司股东的扣除非经常性损益的净利润该数据直接来源于上市公司年报的财务摘要,披露财务指标
F020103,加权平均净资产收益率,加权平均净资产收益率该数据直接来源于上市公司年报的财务摘要,披露财务指标
F020104,扣除非经常性损益后的加权平均净资产收益率,扣除非经常性损益后的加权平均净资产收益率该数据直接来源于上市公司年报的财务摘要,披露财务指标
F020105,扣除非经常性损益后的基本每股收益,扣除非经常性损益后的基本每股收益该数据直接来源于上市公司年报的财务摘要,披露财务指标
F020106,每股经营活动产生的现金流量净额,每股经营活动产生的现金流量净额该数据直接来源于上市公司年报的财务摘要,披露财务指标
F020107,归属于上市公司股东的每股净资产,归属于上市公司股东的每股净资产该数据直接来源于上市公司年报的财务摘要,披露财务指标
F020108,基本每股收益,基本每股收益该数据直接来源于上市公司年报的财务摘要,披露财务指标
F020109,稀释每股收益,稀释每股收益该数据直接来源于上市公司年报的财务摘要,披露财务指标
F030101A,流动资产比率,流动资产合计／资产总计；当分母未公布或为零时，以NULL表示,比率结构
F030201A,现金资产比率,期末现金及现金等价物余额／资产总计；当分母未公布或为零或小于零时，以NULL表示,比率结构
F030301A,应收类资产比率,（应收票据净额+应收账款净额）／（资产总计）分子、分母各科目为空时，以零代替；分母合计值为零时，结果以NULL表示；,比率结构
F030401A,营运资金对流动资产比率,（流动资产合计-流动负债合计）/（流动资产合计）；分子、分母各科目为空时，以零代替；分母合计值为零时，结果以NULL表示。,比率结构
F030501A,营运资金比率,（（流动资产－流动负债）／流动资产；当分母未公布或为零时，以NULL表示,比率结构
F030601A,营运资金对净资产比率,营运资金／净资产总额；当分母未公布或为零或小于零时，以NULL表示,比率结构
F030701A,非流动资产比率,非流动资产／总资产或（1―流动资产比率）；当分母未公布或为零或小于零时，以NULL表示；,比率结构
F030801A,固定资产比率,固定资产净额／资产合计；当分母未公布或为零时，以NULL表示；,比率结构
F030901A,无形资产比率,无形资产净额／资产总计；当分母未公布或为零时，以NULL表示；,比率结构
F031001A,有形资产比率,有形资产总额／总资产；其中有形净资产总额=资产总额―无形资产净值；当分母未公布或为零或小于零时，以NULL表示；,比率结构
F031101A,所有者权益比率,股东权益合计／资产总额；当分母未公布或为零时，以NULL表示；,比率结构
F031201A,留存收益资产比,（盈余公积+未分配利润）／资产总额；当分母未公布或为零时，以NULL表示；,比率结构
F031301A,长期资产适合率,（权益+长期负债）／（固定资产+长期投资）；当分母未公布或为零或小于零时，以NULL表示；,比率结构
F031401A,股东权益对固定资产比率,股东权益／固定资产净额；当分母未公布或为零时，以NULL表示；,比率结构
F031501A,流动负债比率,流动负债合计／负债合计；当分母未公布或为零时，以NULL表示；,比率结构
F031601A,经营负债比率,（流动负债合计-短期借款―一年内到期的非流动负债―交易性金融负债―衍生金融负债）/（负债合计）；当分母未公布或为零时，以NULL表示；,比率结构
F031701A,金融负债比率,（非流动负债合计+短期借款+一年内到期的非流动负债+交易性金融负债+衍生金融负债）/（负债合计）；当分母未公布或为零时，以NULL表示；,比率结构
F031801A,非流动负债比率,非流动负债合计／负债合计；当分母未公布或为零时，以NULL表示；,比率结构
F031901A,母公司所有者权益占比,归属于母公司所有者权益合计／所有者权益合计；当分母未公布或为零时，以NULL表示；,比率结构
F032001A,少数股东权益占比,少数股东权益／所有者权益合计；当分母未公布或为零时，以NULL表示；,比率结构
F032101B,主营业务利润占比,（营业收入―营业成本）／利润总额；当分母未公布或为零或小于零时，以NULL表示；,比率结构
F032201B,金融活动利润占比,（投资收益+公允价值变动收益+汇兑收益）／（利润总额）；当分母未公布或为零时，以NULL表示；,比率结构
F032301B,营业利润占比,营业利润／利润总额；当分母未公布或为零时，以NULL表示；,比率结构
F032401B,营业外收入占比,（营业外收入-营业外支出）／利润总额；当分母未公布或为零时，以NULL表示；,比率结构
F032501B,流转税率,营业税金及附加／营业总收入；当分母未公布或为零时，以NULL表示；,比率结构
F032601B,综合税率A,（营业税金及附加+所得税费用）／营业总收入；当分母未公布或为零时，以NULL表示；,比率结构
F032701B,综合税率B,（营业税金及附加+所得税费用）／利润总额；当分母未公布或为零时，以NULL表示；,比率结构
F032801B,所得税率,所得税费用／利润总额；当分母未公布或为零时，以NULL表示；,比率结构
F032901B,归属于母公司净利润占比,归属于母公司所有者的净利润／净利润；当分母未公布或为零时，以NULL表示；,比率结构
F033001B,少数股东损益净利润占比,少数股东损益／净利润；当分母未公布或为零时，以NULL表示；,比率结构
F033101B,净利润综合收益占比,净利润／综合收益总额；当分母未公布或为零时，以NULL表示；,比率结构
F033201B,其他综合收益占比,其他综合收益／综合收益总额；当分母未公布或为零时，以NULL表示；,比率结构
F033301B,归属于母公司综合收益占比,归属于母公司所有者的综合收益总额／综合收益总额；当分母未公布或为零时，以NULL表示；,比率结构
F033401B,归属于少数股东综合收益占比,归属于少数股东的综合收益总额／综合收益总额；当分母未公布或为零时，以NULL表示；,比率结构
F033501A,母公司所有者权益与投入资本比,（归属于母公司所有者权益合计）本期期末值／（资产总计-流动负债合计+应付票据+短期借款+一年内到期的非流动负债）本期期末值；当分母未公布或为零时，以NULL表示；,比率结构
F040101B,应收账款与收入比,应收账款/营业收入；当分母未公布或为零或小于零时，以NULL表示；,经营能力
F040201B,应收账款周转率A,营业收入／应收账款期末余额；当分母未公布或为零或小于零时、分子小于零时以NULL表示；,经营能力
F040202B,应收账款周转率B,营业收入／应收账款平均占用额；当分母未公布或为零或小于零时、分子小于零时以NULL表示；应收账款平均占用额=（应收账款期末余额+应收账款期初余额）/2,经营能力
F040203B,应收账款周转率C,营业收入／应收账款平均占用额；当分母未公布或为零或小于零时、分子小于零时以NULL表示；应收账款平均占用额=（应收账款期末余额+应收账款上年期末余额）/2,经营能力
F040204B,应收账款周转率D,"调整因子*（营业收入）／（应收账款净额）平均余额；应收账款净额平均余额=（应收账款净额期末余额+应收账款净额上年期末余额）/2；调整因子和（营业收入，利润表科目）会计期间相关（即是：开始日期、截止日期的月份差额）；即是：12/(间隔月份)。比如，一季度为：12/3；前6个月：12/6,；1到9月份：12/9，全年：1；下同；当分母未公布或为零或小于零时、分子小于零时以NULL表示",经营能力
F040205C,应收账款周转率TTM,（营业收入）TTM／（应收账款净额）平均余额；应收账款净额平均余额=（应收账款净额本期期末值+应收账款净额上年同期期末值）/2；（营业收入）TTM，是指上市公司过去12个月的累计营业收入；A科目TTM=A科目本期值+A科目上年年报值-A科目上年同期数据。如果，本期就是年报数据，那么，A科目TTM=A科目本期值；当分母未公布或为零或小于零时、分子小于零时以NULL表示,经营能力
F040301B,应收账款周转天数A,计算期天数/应收账款周转率A；当分母无值时，以NULL表示,经营能力
F040302B,应收账款周转天数B,计算期天数/应收账款周转率B；当分母无值时，以NULL表示,经营能力
F040303B,应收账款周转天数C,计算期天数/应收账款周转率C；当分母无值时，以NULL表示；,经营能力
F040304C,应收账款周转天数TTM,365/应收账款周转率TTM；,经营能力
F040401B,存货与收入比,存货/营业收入；当分母未公布或为零或小于零时、分子小于零时以NULL表示；,经营能力
F040501B,存货周转率A,营业成本／存货期末余额；当分母未公布或为零或小于零时、分子小于零时以NULL表示；,经营能力
F040502B,存货周转率B,营业成本／存货平均占用额；当分母未公布或为零或小于零时、分子小于零时以NULL表示；存货平均占用额=（存货期末余额+存货期初余额）/2,经营能力
F040503B,存货周转率C,营业成本／存货平均占用额；当分母未公布或为零或小于零时、分子小于零时以NULL表示；存货平均占用额=（存货期末余额+存货上年期末余额）/2,经营能力
F040504B,存货周转率D,调整因子*（营业成本）/（存货净额）平均余额；存货净额平均余额=（存货期末余额+存货上年期末余额）/2,经营能力
F040505C,存货周转率TTM,（营业成本）TTM/（存货净额）平均余额；当分母未公布或为零或小于零时、分子小于零时以NULL表示；存货净额平均余额=（应收账款净额本期期末值+应收账款净额上年同期期末值）/2；,经营能力
F040601B,存货周转天数A,计算期天数/存货周转率A；当分母无值时，以NULL表示；,经营能力
F040602B,存货周转天数B,计算期天数/存货周转率B；当分母无值时，以NULL表示；,经营能力
F040603B,存货周转天数C,计算期天数/存货周转率C；当分母无值时，以NULL表示；,经营能力
F040604C,存货周转天数TTM,365/存货周转率TTM,经营能力
F040701B,营业周期A,应收账款周转天数A+存货周转天数A；当应收账款周转天数或存货周转天数无值时，以NULL表示；,经营能力
F040702B,营业周期B,应收账款周转天数B+存货周转天数B；当应收账款周转天数或存货周转天数无值时，以NULL表示；,经营能力
F040703B,营业周期C,应收账款周转天数C+存货周转天数C；当应收账款周转天数或存货周转天数无值时，以NULL表示；,经营能力
F040704C,营业周期TTM,存货周转天数TTM+应收账款周转天数TTM；,经营能力
F040801B,应付账款周转率A,营业成本／应付账款期末余额；当分母未公布或为零或小于零时、分子小于零时以NULL表示；,经营能力
F040802B,应付账款周转率B,营业成本／应付账款平均占用额；当分母未公布或为零或小于零时、分子小于零时以NULL表示；应付账款平均占用额=（应付账款期末余额+应付账款期初余额）/2,经营能力
F040803B,应付账款周转率C,营业成本／应付账款平均占用额；当分母未公布或为零或小于零时、分子小于零时以NULL表示；应付账款平均占用额=（应付账款期末余额+应付账款上年期末余额）/2,经营能力
F040804B,应付账款周转率D(%),调整因子*（营业成本）/（应付账款）平均余额；应付账款平均余额=（应付账款期末余额+应付账款上年期末余额）/2当分母未公布或为零或小于零时、分子小于零时以NULL表示；,经营能力
F040805C,应付账款周转率TTM(%),（营业成本）TTM/（应付账款）平均余额；应付账款平均余额=应付账款本期期末值+应付账款上年同期期末值）/2；当分母未公布或为零或小于零时、分子小于零时以NULL表示；,经营能力
F040901B,营运资金（资本）周转率A,营业收入／营运资金；当分母未公布或为零或小于零时、分子小于零时以NULL表示；营运资金=流动资产期末余额-流动负债期末余额,经营能力
F040902B,营运资金（资本）周转率B,营业收入／平均营运资金；当分母未公布或为零或小于零时、分子小于零时以NULL表示；平均营运资金=（（流动资产期末余额―流动负债期末余额）+（流动资产期初余额―流动负债期初余额））/2,经营能力
F040903B,营运资金（资本）周转率C,营业收入／平均营运资金；当分母未公布或为零或小于零时、分子小于零时以NULL表示；平均营运资金=（（流动资产期末余额―流动负债期末余额）+（流动资产上年期末余额―流动负债上年期末余额））/2,经营能力
F040904B,营运资金（资本）周转率D,调整因子*（营业收入）/平均营运资金；当分母未公布或为零或小于零时、分子小于零时以NULL表示；平均营运资金=（（流动资产期末余额―流动负债期末余额）+（流动资产上年期末余额―流动负债上年期末余额））/2,经营能力
F040905C,营运资金（资本）周转率TTM,（营业收入）TTM/平均营运资金；当分母未公布或为零或小于零时、分子小于零时以NULL表示；平均营运资金=（（流动资产期末余额―流动负债期末余额）+（流动资产上年同期期末余额―流动负债上年同期期末余额））/2,经营能力
F041001B,现金及现金等价物周转率A,营业收入／现金及现金等价物余额；当分母未公布或为零或小于零时、分子小于零时以NULL表示；现金及现金等价物余额=现金及现金等价物期末余额,经营能力
F041002B,现金及现金等价物周转率B,营业收入／现金及现金等价物平均余额；当分母未公布或为零或小于零时、分子小于零时以NULL表示；现金及现金等价物平均余额=（现金及现金等价物期末余额+现金及现金等价物期初余额）/2,经营能力
F041003B,现金及现金等价物周转率C,营业收入／现金及现金等价物平均余额；当分母未公布或为零或小于零时、分子小于零时以NULL表示；现金及现金等价物平均余额=（现金及现金等价物期末余额+现金及现金等价物上年期末余额）/2,经营能力
F041004B,现金及现金等价物周转率D,调整因子*（营业收入）/期末现金及现金等价物平均余额；当分母未公布或为零或小于零时、分子小于零时以NULL表示；现金及现金等价物平均余额=（现金及现金等价物期末余额+现金及现金等价物上年期末余额）/2,经营能力
F041005C,现金及现金等价物周转率TTM,（营业收入）TTM/期末现金及现金等价物平均余额；当分母未公布或为零或小于零时、分子小于零时以NULL表示；现金及现金等价物平均余额=（现金及现金等价物期末余额+现金及现金等价物上年同期期末余额）/2,经营能力
F041101B,流动资产与收入比,流动资产／营业收入；当分母未公布或为零或小于零时、分子小于零时以NULL表示,经营能力
F041201B,流动资产周转率A,营业收入／流动资产期末余额；当分母未公布或为零或小于零时、分子小于零时以NULL表示；,经营能力
F041202B,流动资产周转率B,营业收入／流动资产平均占用额；当分母未公布或为零或小于零时、分子小于零时以NULL表示；流动资产平均占用额=（流动资产期末余额+流动资产期初余额）/2,经营能力
F041203B,流动资产周转率C,营业收入／流动资产平均占用额；当分母未公布或为零或小于零时、分子小于零时以NULL表示；流动资产平均占用额=（流动资产期末余额+流动资产上年期末余额）/2,经营能力
F041204B,流动资产周转率D,调整因子*（营业收入）/流动资产平均占用额；当分母未公布或为零或小于零时、分子小于零时以NULL表示；流动资产平均占用额=（流动资产期末余额+流动资产上年期末余额）/2,经营能力
F041205C,流动资产周转率TTM,（营业收入）TTM/流动资产平均占用额；当分母未公布或为零或小于零时、分子小于零时以NULL表示；流动资产平均占用额=（流动资产期末余额+流动资产上年同期期末余额）/2,经营能力
F041301B,固定资产与收入比,固定资产／营业收入；当分母未公布或为零或小于零时、分子小于零时以NULL表示,经营能力
F041401B,固定资产周转率A,营业收入／固定资产期末净额；当分母未公布或为零或小于零时、分子小于零时以NULL表示；,经营能力
F041402B,固定资产周转率B,营业收入／固定资产平均净额；当分母未公布或为零或小于零时、分子小于零时以NULL表示；固定资产平均净额=（固定资产期末余额+固定资产期初余额）/2,经营能力
F041403B,固定资产周转率C,营业收入／固定资产平均净额；当分母未公布或为零或小于零时、分子小于零时以NULL表示；固定资产平均净额=（固定资产净额期末余额+固定资产净额上年期末余额）/2,经营能力
F041404B,固定资产周转率D,调整因子*（营业收入）/固定资产平均净额；当分母未公布或为零或小于零时、分子小于零时以NULL表示；固定资产平均净额=（固定资产净额期末余额+固定资产净额上年期末余额）/2,经营能力
F041405C,固定资产周转率TTM,（营业收入）TTM/固定资产平均净额；当分母未公布或为零或小于零时、分子小于零时以NULL表示；固定资产平均净额=（固定资产净额期末余额+固定资产净额上年同期期末余额）/2,经营能力
F041501B,非流动资产周转率A,（营业收入）/（非流动资产合计）期末余额当分母未公布或为零或小于零时、分子小于零时以NULL表示；,经营能力
F041502B,非流动资产周转率B,（营业收入）/（非流动资产合计）平均余额；当分母未公布或为零或小于零时、分子小于零时以NULL表示；非流动资产平均余额=（非流动资产期末余额+非流动资产期初余额）/2,经营能力
F041503B,非流动资产周转率C,（营业收入）/（非流动资产合计）平均余额；当分母未公布或为零或小于零时、分子小于零时以NULL表示；非流动资产平均余额=（非流动资产期末余额+非流动资产上年期末余额）/2,经营能力
F041504B,非流动资产周转率D,调整因子*（营业收入）/（非流动资产合计）平均余额；当分母未公布或为零或小于零时、分子小于零时以NULL表示；非流动资产平均余额=（非流动资产期末余额+非流动资产上年期末余额）/2,经营能力
F041505C,非流动资产周转率TTM,（营业收入）TTM/（非流动资产合计）平均余额；当分母未公布或为零或小于零时、分子小于零时以NULL表示；非流动资产平均余额=（非流动资产期末余额+非流动资产上年同期期末余额）/2,经营能力
F041601B,资本密集度,总资产/营业收入；当分母未公布或为零或小于零时，以NULL表示；,经营能力
F041701B,总资产周转率A,营业收入／资产总额期末余额；当分母未公布或为零或小于零时、分子小于零时以NULL表示；,经营能力
F041702B,总资产周转率B,营业收入／平均资产总额；当分母未公布或为零或小于零时、分子小于零时以NULL表示；平均资产总额=（资产合计期末余额+资产合计期初余额）/2,经营能力
F041703B,总资产周转率C,营业收入／平均资产总额；当分母未公布或为零或小于零时、分子小于零时以NULL表示；平均资产总额=（资产合计期末余额+资产合计上年期末余额）/2,经营能力
F041704B,总资产周转率D,调整因子*（营业收入）/平均资产总额；当分母未公布或为零或小于零时、分子小于零时以NULL表示；平均资产总额=（资产合计期末余额+资产合计上年期末余额）/2,经营能力
F041705C,总资产周转率TTM,（营业收入）TTM/平均资产总额；当分母未公布或为零或小于零时、分子小于零时以NULL表示；平均资产总额=（资产合计期末余额+资产合计上年同期期末余额）/2,经营能力
F041801B,股东权益周转率A,营业收入／股东权益期末余额；当分母未公布或为零或小于零时、分子小于零时以NULL表示；,经营能力
F041802B,股东权益周转率B,营业收入／平均股东权益；当分母未公布或为零或小于零时、分子小于零时以NULL表示；平均股东权益=（股东权益期末余额+股东权益期初余额）/2,经营能力
F041803B,股东权益周转率C,营业收入／平均股东权益；当分母未公布或为零或小于零时、分子小于零时以NULL表示；平均股东权益=（股东权益期末余额+股东权益上年期末余额）/2,经营能力
F041804B,股东权益周转率D,调整因子*（营业收入）／平均股东权益；当分母未公布或为零或小于零时、分子小于零时以NULL表示；平均股东权益=（股东权益期末余额+股东权益上年期末余额）/2,经营能力
F041805C,股东权益周转率TTM,（营业收入）TTM/平均股东权益；当分母未公布或为零或小于零时、分子小于零时以NULL表示；平均股东权益=（股东权益期末余额+股东权益上年同期期末余额）/2,经营能力
F050101B,资产报酬率A,（利润总额＋财务费用）／资产总额；当分母未公布或为零时，以NULL表示,盈利能力
F050102B,资产报酬率B,（利润总额＋财务费用）／平均资产总额；当分母未公布或为零时，以NULL表示；平均资产总额=（资产合计期末余额+资产合计期初余额）/2,盈利能力
F050103B,资产报酬率C,（利润总额＋财务费用）／平均资产总额；当分母未公布或为零时，以NULL表示；平均资产总额=（资产合计期末余额+资产合计上年期末余额）/2,盈利能力
F050104C,资产报酬率TTM,（净利润TTM+财务费用TTM）/平均资产总额；TTM意指：过去12月累计收益，仅针对期间类科目（利润表、现金流量表），A科目TTM=A科目本期值+A科目上年年报值―A科目上年同期数据；如本期间为年报（0101―1231），则TTM值等于本报告期数值，本算法适合该文档中所有标注TTM的科目。平均资产总额=（资产合计期末余额+资产合计上年同期期末余额）/2；,盈利能力
F050201B,总资产净利润率（ROA）A,净利润／总资产余额；当分母未公布或为零时，以NULL表示,盈利能力
F050202B,总资产净利润率（ROA）B,净利润／总资产平均余额；当分母未公布或为零时，以NULL表示：总资产平均余额=资产合计期末余额+资产合计期初余额）/2,盈利能力
F050203B,总资产净利润率（ROA）C,净利润／总资产平均余额；当分母未公布或为零时，以NULL表示；总资产平均余额=资产合计期末余额+资产合计上年期末余额）/2,盈利能力
F050204C,总资产净利润率（ROA）TTM,（净利润TTM）／总资产平均余额；当分母未公布或为零时，以NULL表示；总资产平均余额=资产合计期末余额+资产合计上年同期期末余额）/2,盈利能力
F050301B,流动资产净利润率A,净利润／流动资产余额；当分母未公布或为零时，以NULL表示,盈利能力
F050302B,流动资产净利润率B,净利润／流动资产平均余额；当分母未公布或为零时，以NULL表示；流动资产平均余额=（流动资产期末余额+流动资产期初余额）/2,盈利能力
F050303B,流动资产净利润率C,净利润／流动资产平均余额；当分母未公布或为零时，以NULL表示；流动资产平均余额=（流动资产期末余额+流动资产上年期末余额）/2,盈利能力
F050304C,流动资产净利润率TTM,（净利润TTM）／流动资产平均余额；当分母未公布或为零时，以NULL表示；流动资产平均余额=（流动资产期末余额+流动资产上年同期期末余额）/2,盈利能力
F050401B,固定资产净利润率A,净利润／固定资产余额；当分母未公布或为零时，以NULL表示,盈利能力
F050402B,固定资产净利润率B,净利润／固定资产平均余额；当分母未公布或为零时，以NULL表示；固定资产平均余额=（固定资产期末余额+固定资产期初余额）/2,盈利能力
F050403B,固定资产净利润率C,净利润／固定资产平均余额；当分母未公布或为零时，以NULL表示；固定资产平均余额=（固定资产期末余额+固定资产上年期末余额）/2,盈利能力
F050404C,固定资产净利润率TTM,（净利润TTM）／固定资产平均余额；当分母未公布或为零时，以NULL表示；固定资产平均余额=（固定资产期末余额+固定资产上年同期期末余额）/2,盈利能力
F050501B,净资产收益率A,净利润／股东权益余额；当分母未公布或为零或小于零时，以NULL表示,盈利能力
F050502B,净资产收益率B,净利润／股东权益平均余额；当分母未公布或为零或小于零时，以NULL表示；股东权益平均余额=（股东权益期末余额+股东权益期初余额）/2,盈利能力
F050503B,净资产收益率C,净利润／股东权益平均余额；当分母未公布或为零或小于零时，以NULL表示；股东权益平均余额=（股东权益期末余额+股东权益上年期末余额）/2,盈利能力
F050504C,净资产收益率TTM,（净利润TTM）／股东权益平均余额；当分母未公布或为零或小于零时，以NULL表示；股东权益平均余额=（股东权益期末余额+股东权益上年同期期末余额）/2,盈利能力
F050601B,息税前利润,净利润+所得税费用+财务费用；,盈利能力
F050601C,息税前利润TTM,净利润TTM+所得税费用TTM+财务费用TTM；,盈利能力
F050701B,息前税后利润,息税前利润*（1-所得税率），其中：所得税率=所得税费用/（净利润+所得税费用）,盈利能力
F050801B,息税折旧摊销前收入,净利润+所得税费用+财务费用+固定资产折旧、油气资产折耗、生产性生物资产折旧+无形资产摊销+长期待摊费用摊销；,盈利能力
F050801C,息税折旧摊销前收入TTM,净利润TTM+所得税费用TTM+财务费用TTM+固定资产折旧、油气资产折耗、生产性生物资产折旧TTM+无形资产摊销TTM+长期待摊费用摊销TTM；,盈利能力
F050901B,净利润与利润总额比,净利润／利润总额；该指标为销售净利率的分解指标之一，销售净利率=净利润与利润总额比×利润总额与息税前利润比×息税前利润与营业收入比；当分母未公布或为零或小于零时，以NULL表示；,盈利能力
F051001B,利润总额与息税前利润相比,利润总额／息税前利润；该指标为销售净利率的分解指标之一，销售净利率=净利润与利润总额比×利润总额与息税前利润比×息税前利润与营业收入比当分母未公布或为零或小于零时，以NULL表示,盈利能力
F051101B,息税前利润与资产总额比,息税前利润／资产总额；当分母未公布或为零或小于零时，以NULL表示,盈利能力
F051201B,投入资本回报率,（净利润+财务费用）／（资产总计-流动负债+应付票据+短期借款+一年内到期的长期负债）；当分母未公布或为零或小于零时，以NULL表示,盈利能力
F053201B,长期资本收益率,（利润总额+财务费用）／长期资本额；长期资本额＝长期负债平均余额+所有者权益平均余额=（期初长期负债+期末长期负债）/2+（期初所有者权益+期末所有者权益）/2当分母未公布或为零或小于零时，以NULL表示,盈利能力
F053301B,营业毛利率,07年后为：（营业收入―营业成本）／营业收入；当分母未公布或为零时，以NULL表示,盈利能力
F053301C,营业毛利率TTM,（营业收入―营业成本）TTM／（营业收入）TTM；当分母未公布或为零或小于零时，以NULL表示,盈利能力
F051301B,营业成本率,营业成本／营业收入；当分母未公布或为零或小于零时，以NULL表示,盈利能力
F051301C,营业成本率TTM,（营业成本）TTM／（营业收入）TTM；当分母未公布或为零或小于零时，以NULL表示,盈利能力
F051401B,营业利润率,营业利润／营业收入；当分母未公布或为零时，以NULL表示；,盈利能力
F051401C,营业利润率TTM,（营业利润）TTM／（营业收入）TTM；当分母未公布或为零或小于零时，以NULL表示,盈利能力
F051501B,营业净利率,净利润／营业收入；当分母未公布或为零或小于零时，以NULL表示,盈利能力
F051501C,营业净利率TTM,（净利润）TTM／（营业收入）TTM；当分母未公布或为零或小于零时，以NULL表示,盈利能力
F051601B,总营业成本率,营业总成本／营业总收入；当分母未公布或为零或小于零时，以NULL表示,盈利能力
F051601C,总营业成本率TTM,（营业总成本）TTM/（营业总收入）TTM；当分母未公布或为零或小于零时，以NULL表示,盈利能力
F051701B,销售费用率,销售费用／营业收入；当分母未公布或为零或小于零时，以NULL表示,盈利能力
F051701C,销售费用率TTM,（销售费用）TTM／（营业收入）TTM；当分母未公布或为零或小于零时，以NULL表示,盈利能力
F051801B,管理费用率,管理费用／营业收入；当分母未公布或为零或小于零时，以NULL表示,盈利能力
F051801C,管理费用率TTM,（管理费用）TTM／（营业收入）TTM；当分母未公布或为零或小于零时，以NULL表示,盈利能力
F051901B,财务费用率,财务费用／营业收入；当分母未公布或为零或小于零时，以NULL表示,盈利能力
F051901C,财务费用率TTM,（财务费用）TTM／（营业收入）TTM；当分母未公布或为零或小于零时，以NULL表示,盈利能力
F052001B,销售期间费用率,（销售费用+管理费用+财务费用）/（营业收入）；当分母未公布或为零或小于零时，以NULL表示,盈利能力
F052001C,销售期间费用率TTM,（销售费用+管理费用+财务费用）TTM/（营业收入）TTM；当分母未公布或为零或小于零时，以NULL表示,盈利能力
F052101B,成本费用利润率,（利润总额）/（营业成本+销售费用+管理费用+财务费用）；当分母未公布或为零或小于零时，以NULL表示,盈利能力
F052101C,成本费用利润率TTM,（利润总额）TTM/（营业成本+销售费用+管理费用+财务费用）TTM；当分母未公布或为零或小于零时，以NULL表示,盈利能力
F052201B,资产减值损失／营业收入,资产减值损失/营业收入；当分母未公布或为零或小于零时，以NULL表示,盈利能力
F052201C,资产减值损失／营业收入TTM,（资产减值损失）TTM/（营业收入）TTM；当分母未公布或为零或小于零时，以NULL表示,盈利能力
F052301B,息税折旧摊销前营业利润率,（净利润+所得税费用+财务费用+固定资产折旧、油气资产折耗、生产性生物资产折旧+无形资产摊销+长期待摊费用摊销）/（营业总收入）；当分母未公布或为零或小于零时，以NULL表示,盈利能力
F052301C,息税折旧摊销前利润率TTM,（净利润+所得税费用+财务费用+固定资产折旧、油气资产折耗、生产性生物资产折旧+无形资产摊销+长期待摊费用摊销）TTM/（营业总收入）TTM；当分母未公布或为零或小于零时，以NULL表示,盈利能力
F052401B,息税前营业利润率,（净利润+所得税费用+财务费用）/（营业收入）；当分母未公布或为零或小于零时，以NULL表示,盈利能力
F052401C,息税前营业利润率TTM,（净利润+所得税费用+财务费用）TTM/（营业收入）TTM；当分母未公布或为零或小于零时，以NULL表示,盈利能力
F052901B,现金与利润总额比,（经营活动产生的现金流量净额）/（利润总额）；当分母未公布或为零或小于零时，以NULL表示,盈利能力
F052901C,现金与利润总额比TTM,（经营活动产生的现金流量净额）TTM/（利润总额）TTM；当分母未公布或为零或小于零时，以NULL表示,盈利能力
F053001B,归属于母公司净资产收益率A,（归属于母公司所有者的净利润）/（归属于母公司所有者权益合计）期末余额当分母未公布或为零或小于零时，以NULL表示,盈利能力
F053002B,归属于母公司净资产收益率B,（归属于母公司所有者的净利润）/（归属于母公司所有者权益合计）平均余额；当分母未公布或为零或小于零时，以NULL表示；归属于母公司所有者权益合计平均余额=（本期期初归属于母公司所有者权益合计+本期期末归属于母公司所有者权益合计）/2；,盈利能力
F053003B,归属于母公司净资产收益率C,（归属于母公司所有者的净利润）/（归属于母公司所有者权益合计）平均余额；当分母未公布或为零或小于零时，以NULL表示；归属于母公司所有者权益平均余额=（归属于母公司所有者权益期末余额+归属于母公司所有者权益上年期末余额）/2,盈利能力
F053004C,归属于母公司净资产收益率TTM,（归属于母公司所有者的净利润）/（归属于母公司所有者权益合计）平均余额；当分母未公布或为零或小于零时，以NULL表示；归属于母公司所有者权益平均余额=（归属于母公司所有者权益期末余额+归属于母公司所有者权益上年同期期末余额）/2,盈利能力
F053101B,归属于母公司综合收益率A,（归属于母公司所有者的综合收益总额）/（归属于母公司所有者权益合计）期末余额；当分母未公布或为零或小于零时，以NULL表示,盈利能力
F053102B,归属于母公司综合收益率B,（归属于母公司所有者的综合收益总额）/（归属于母公司所有者权益合计）平均余额；当分母未公布或为零或小于零时，以NULL表示；归属于母公司所有者权益合计平均余额=（本期期初归属于母公司所有者权益合计+本期期末归属于母公司所有者权益合计）/2；,盈利能力
F053103B,归属于母公司综合收益率C,（归属于母公司所有者的综合收益总额）/（归属于母公司所有者权益合计）平均余额；当分母未公布或为零或小于零时，以NULL表示；归属于母公司所有者权益平均余额=（归属于母公司所有者权益期末余额+归属于母公司所有者权益上年期末余额）/2,盈利能力
F053104C,归属于母公司综合收益率TTM,（归属于母公司所有者的综合收益总额）/（归属于母公司所有者权益合计）平均余额；当分母未公布或为零或小于零时，以NULL表示；归属于母公司所有者权益平均余额=（归属于母公司所有者权益期末余额+归属于母公司所有者权益上年同期期末余额）/2,盈利能力
F053202B,投资收益率,本期投资收益/（长期股权投资本期期末值+持有至到期投资本期期末值+交易性金融资产本期期末值+可供出售金融资产本期期末值+衍生金融资产本期期末值）,盈利能力
F060101B,净利润现金净含量,（经营活动产生的现金流量净额）/（净利润）；分母未公布或为零或小于零时，以NULL表示,现金流分析
F060101C,净利润现金净含量TTM,（经营活动产生的现金流量净额）TTM/（净利润）TTM；分母未公布或为零或小于零时，以NULL表示；,现金流分析
F060201B,销售收入现金含量,销售商品、提供劳务收到的现金/营业收入；分母未公布或为零或小于零时，以NULL表示；,现金流分析
F060201C,销售收入现金含量TTM,（销售商品、提供劳务收到的现金）TTM/（营业收入）TTM；分母未公布或为零或小于零时，以NULL表示；,现金流分析
F060301B,营业收入现金净含量,（经营活动产生的现金流量净额）/（营业总收入）；分母未公布或为零或小于零时，以NULL表示,现金流分析
F060301C,营业收入现金净含量TTM,（经营活动产生的现金流量净额）TTM/（营业总收入）TTM；分母未公布或为零或小于零时，以NULL表示,现金流分析
F060401B,营业利润现金净含量,（经营活动产生的现金流量净额）/（营业利润）；分母未公布或为零或小于零时，以NULL表示,现金流分析
F060401C,营业利润现金净含量TTM,（经营活动产生的现金流量净额）TTM/（营业利润）TTM；分母未公布或为零或小于零时，以NULL表示,现金流分析
F060901B,筹资活动债权人现金净流量,发行债券收到的现金+取得借款收到的现金+收到其他与筹资活动有关的现金―偿还债务支付的现金―支付其他与筹资活动有关的现金；各项目为空，零值代替；,现金流分析
F060901C,筹资活动债权人现金净流量TTM,（发行债券收到的现金+取得借款收到的现金+收到其他与筹资活动有关的现金―偿还债务支付的现金―支付其他与筹资活动有关的现金）TTM；各项目为空，零值代替；,现金流分析
F061001B,筹资活动股东现金净流量,吸收权益性投资收到的现金―分配股利、利润或偿付利息支付的现金；各项目为空，零值代替；,现金流分析
F061001C,筹资活动股东现金净流量TTM,（吸收权益性投资收到的现金―分配股利、利润或偿付利息支付的现金）TTM；各项目为空，零值代替；,现金流分析
F061201B,折旧摊销,（固定资产折旧、油气资产折耗、生产性生物资产折旧+无形资产摊销+长期待摊费用摊销）；各项目为空，零值代替；,现金流分析
F061201C,折旧摊销TTM,（固定资产折旧、油气资产折耗、生产性生物资产折旧+无形资产摊销+长期待摊费用摊销）TTM；各项目为空，零值代替；,现金流分析
F061301B,公司现金流1,净利润+财务费用―（资产总计）本期变动额+（货币资金）本期变动额―（负债合计）本期变动额―（吸收权益性投资收到的现金―分配股利、利润或偿付利息支付的现金）；A本期变动额=A本期期末值―A上年年末值；各项目为空，零值代替；,现金流分析
F061302B,公司现金流2,现金及现金等价物净增加额―筹资活动产生的现金流量净额；各项目为空，零值代替；,现金流分析
F061301C,公司现金流TTM1,净利润TTM+财务费用TTM-（资产总计）本期变动额TTM+（货币资金）本期变动额TTM―（负债合计）本期变动额TTM―（吸收权益性投资收到的现金―分配股利、利润或偿付利息支付的现金）TTM；A本期变动额=A本期期末值―A上年同期期末值；各项目为空，零值代替；,现金流分析
F061302C,公司现金流TTM2,现金及现金等价物净增加额TTM―筹资活动产生的现金流量净额TTM；各项目为空，零值代替；,现金流分析
F061401B,股权现金流1,净利润-（所有者权益合计）本期变动额-（吸收权益性投资收到的现金-分配股利、利润或偿付利息支付的现金）+（货币资金）本期变动额；A本期变动额=A本期期末值―A上年年末值；各项目为空，零值代替；,现金流分析
F061402B,股权现金流2,（现金及现金等价物净增加额）-（吸收权益性投资收到的现金―分配股利、利润或偿付利息支付的现金）；,现金流分析
F061401C,股权现金流TTM1,净利润TTM-（所有者权益合计）本期变动额TTM-（吸收权益性投资收到的现金-分配股利、利润或偿付利息支付的现金）TTM+（货币资金）本期变动额TTM；A本期变动额=A本期期末值―A上年同期期末值；,现金流分析
F061402C,股权现金流TTM2,（现金及现金等价物净增加额）TTM-（吸收权益性投资收到的现金-分配股利、利润或偿付利息支付的现金）TTM；,现金流分析
F061501B,公司自由现金流（原有）,（净利润+所得税费用+财务费用）*（净利润）/（净利润+所得税费用）+固定资产折旧、油气资产折耗、生产性生物资产折旧+无形资产摊销+长期待摊费用摊销-筹资活动产生的现金流量净额-（流动资产合计-流动负债合计）本期变动额；,现金流分析
F061601B,股权自由现金流（原有）,净利润+固定资产折旧、油气资产折耗、生产性生物资产折旧+无形资产摊销+长期待摊费用摊销-筹资活动产生的现金流量净额-（流动资产合计―流动负债合计）本期变动额―偿还债务支付的现金+发行债券收到的现金；,现金流分析
F061701B,全部现金回收率,（经营活动产生的现金流量净额）/（资产总计）期末余额；分母各项目为空，以零取代；分母合计值为零，结果以NULL表示；,现金流分析
F061801B,营运指数,（经营活动产生的现金流量净额）/（净利润-投资收益-公允价值变动收益-营业外收入+营业外支出+固定资产折旧、油气资产折耗、生产性生物资产折旧+无形资产摊销+长期待摊费用摊销+递延所得税资产减少+递延所得税负债增加）；,现金流分析
F061901B,资本支出与折旧摊销比,（购建固定资产、无形资产和其他长期资产支付的现金）/（固定资产折旧、油气资产折耗、生产性生物资产折旧+无形资产摊销+长期待摊费用摊销）；,现金流分析
F062001B,现金适合比率,（经营活动产生的现金流量净额）/（购建固定资产、无形资产和其他长期资产支付的现金+分配股利、利润或偿付利息支付的现金+存货净额本期变动额）；资产负债表本期变动额=期末值―上年年末值；,现金流分析
F062101B,现金再投资比率,（经营活动产生的现金流量净额）/（固定资产净额+持有至到期投资净额+长期债权投资净额+长期股权投资净额+流动资产合计-流动负债合计）,现金流分析
F062201B,现金满足投资比率,（经营活动产生的现金流量净额）近5年之和/（购建固定资产、无形资产和其他长期资产支付的现金+分配股利、利润或偿付利息支付的现金+存货净额本期变动额）近5年之和；如果，不足五年则按实际年数计算；,现金流分析
F062301B,股权自由现金流,（净利润+非现金支出）―营运资本追加―资本性支出―债务本金偿还+新发行债务；,现金流分析
F062401B,企业自由现金流,（净利润+利息费用+非现金支出）―营运资本追加―资本性支出；,现金流分析
F070101B,财务杠杆,（净利润+所得税费用+财务费用）/（净利润+所得税费用）；当分母未公布或为零、财务费用小于零时，以NULL表示,风险水平
F070201B,经营杠杆,（净利润+所得税费用+财务费用+固定资产折旧、油气资产折耗、生产性生物资产折旧+无形资产摊销+长期待摊费用摊销）/（净利润+所得税费用+财务费用）；当分母未公布或为零、财务费用小于零时，以NULL表示,风险水平
F070301B,综合杠杆,（净利润+所得税费用+财务费用+固定资产折旧、油气资产折耗、生产性生物资产折旧+无形资产摊销+长期待摊费用摊销）/（净利润+所得税费用）；当分母未公布或为零、财务费用小于零时，以NULL表示；或者：财务杠杆*经营杠杆；,风险水平
F080101A,资本保值增值率A,（所有者权益合计）本期期末值/（所有者权益合计）本期期初值；当分母未公布或为零或小于零时，以NULL表示,发展能力
F080102A,资本保值增值率B,（所有者权益合计）本期期末值/（所有者权益合计）上年同期期末值；当分母未公布或为零或小于零时，以NULL表示,发展能力
F080201A,母公司资本保值增值率,（归属于母公司所有者权益合计）本期期末值/（归属于母公司所有者权益合计）上年同期期末值；当分母未公布或为零或小于零时，以NULL表示,发展能力
F080301A,资本积累率A,（所有者权益合计本期期末值―所有者权益合计本期期初值）/所有者权益合计本期期初值）；当分母未公布或为零或小于零时，以NULL表示,发展能力
F080302A,资本积累率B,（所有者权益合计本期期末值―所有者权益合计上年同期期末值）/（所有者权益合计上年同期期末值）；当分母未公布或为零或小于零时，以NULL表示,发展能力
F080401A,母公司资本积累率,（归属于母公司所有者权益合计本期期末值―归属于母公司所有者权益合计上年同期期末值）/（归属于母公司所有者权益合计上年同期期末值）；当分母未公布或为零或小于零时，以NULL表示；,发展能力
F080501A,固定资产增长率A,（固定资产净额本期期末值―固定资产净额本期期初值）/（固定资产净额本期期初值）；当分母未公布或为零或小于零时，以NULL表示,发展能力
F080502A,固定资产增长率B,（固定资产净额本期期末值―固定资产净额上年同期期末值）/（固定资产净额上年同期期末值）；当分母未公布或为零或小于零时，以NULL表示,发展能力
F080601A,总资产增长率A,（资产总计本期期末值―资产总计本期期初值）/（资产总计本期期初值）；当分母未公布或为零或小于零时，以NULL表示,发展能力
F080602A,总资产增长率B,（资产总计本期期末值―资产总计上年同期期末值）/（资产总计上年同期期末值）；当分母未公布或为零或小于零时，以NULL表示,发展能力
F080701B,净资产收益率增长率A,（本期单季度净资产收益率―上一个单季度净资产收益率）/上一个单季度净资产收益率；当分母未公布或为零或小于零时，以NULL表示；单季度环比指标；净资产收益率=归属于母公司所有者的净利润/归属于母公司所有者权益合计；,发展能力
F080702B,净资产收益率增长率B,（本期单季度净资产收益率―上年同期净资产收益率）/上年同期净资产收益率；当分母未公布或为零或小于零时，以NULL表示；净资产收益率=归属于母公司所有者的净利润/归属于母公司所有者权益合计；,发展能力
F080801B,基本每股收益增长率A,（基本每股收益本年本期单季度金额―基本每股收益上一个单季度金额]/（基本每股收益上一个单季度金额）；当分母未公布或为零或小于零时，以NULL表示；单季度环比指标；,发展能力
F080802B,基本每股收益增长率B,（基本每股收益本年本期金额―基本每股收益上年同期金额）/（基本每股收益上年同期金额）；当分母未公布或为零或小于零时，以NULL表示,发展能力
F080901B,稀释每股收益增长率A,（稀释每股收益本年本期单季度金额―稀释每股收益上一个单季度金额）/（稀释每股收益上一个单季度金额）；当分母未公布或为零或小于零时，以NULL表示；单季度环比指标；,发展能力
F080902B,稀释每股收益增长率B,（稀释每股收益本年本期金额―稀释每股收益上年同期金额）/（稀释每股收益上年同期金额）；当分母未公布或为零或小于零时，以NULL表示,发展能力
F081001B,净利润增长率A,（净利润本年本期单季度金额―净利润上一个单季度金额）/（净利润上一个单季度金额）；当分母未公布或为零或小于零时，以NULL表示；单季度环比指标；,发展能力
F081002B,净利润增长率B,（净利润本年本期金额―净利润上年同期金额]/（净利润上年同期金额）；当分母未公布或为零或小于零时，以NULL表示,发展能力
F081101B,利润总额增长率A,（利润总额本年本期单季度金额―利润总额上一个单季度金额）/（利润总额上一个单季度金额）；当分母未公布或为零或小于零时，以NULL表示；单季度环比指标；,发展能力
F081102B,利润总额增长率B,（利润总额本年本期金额―利润总额上年同期金额）/（利润总额上年同期金额）；当分母未公布或为零或小于零时，以NULL表示,发展能力
F081201B,营业利润增长率A,（营业利润本年本期单季度金额―营业利润上一个单季度金额）/（营业利润上一个单季度金额）；当分母未公布或为零或小于零时，以NULL表示；单季度环比指标；,发展能力
F081202B,营业利润增长率B,（营业利润本年本期金额―营业利润上年同期金额)/（营业利润上年同期金额）；当分母未公布或为零或小于零时，以NULL表示；,发展能力
F081301B,归属于母公司净利润增长率,（归属于母公司所有者的净利润本年本期金额―归属于母公司所有者的净利润上年同期金额）/（归属于母公司所有者的净利润上年同期金额）；当分母未公布或为零或小于零时，以NULL表示；,发展能力
F081401B,综合收益增长率,（综合收益总额本年本期金额―综合收益总额上年同期金额）/（综合收益总额上年同期金额）；当分母未公布或为零或小于零时，以NULL表示；,发展能力
F081501B,归属于母公司综合收益增长率,（归属于母公司所有者的综合收益总额本年本期金额―归属于母公司所有者的综合收益总额上年同期金额）/（归属于母公司所有者的综合收益总额上年同期金额）；当分母未公布或为零或小于零时，以NULL表示；,发展能力
F081601B,营业收入增长率A,（营业收入本年本期单季度金额―营业收入上一个单季度金额）/（营业收入上一个单季度金额）；当分母未公布或为零或小于零时，以NULL表示；单季度环比指标；,发展能力
F081602C,营业收入增长率C,（营业收入本年本期金额-营业收入上年同期金额）/（营业收入上年同期金额）\u000b当分母未公布或为零或小于零时，以NULL表示；,发展能力
F081701B,营业总收入增长率,（营业总收入本年本期金额―营业总收入上年同期金额）/（营业总收入上年同期金额）；当分母未公布或为零或小于零时，以NULL表示；,发展能力
F081801B,营业总成本增长率,（营业总成本本年本期金额―营业总成本上年同期金额）/（营业总成本上年同期金额）；当分母未公布或为零或小于零时，以NULL表示；,发展能力
F081901B,销售费用增长率,（销售费用本年本期金额―销售费用上年同期金额）/（销售费用上年同期金额）；当分母未公布或为零或小于零时，以NULL表示；,发展能力
F082001B,管理费用增长率,（管理费用本年本期金额―管理费用上年同期金额）/（管理费用上年同期金额）；当分母未公布或为零或小于零时，以NULL表示；,发展能力
F082101B,应计项目,（流动资产合计―流动负债合计+应交税费+应付利息）本期值和上年同期值变动金额-（现金及现金等价物净增加额+固定资产折旧、油气资产折耗、生产性生物资产折旧+无形资产摊销+长期待摊费用摊销）TTM；当分母未公布或为零或小于零时，以NULL表示；,发展能力
F082201B,每股经营活动产生的净流量增长率A,（经营活动产生的现金流量净额本期单季度金额/实收资本本期间期末值-经营活动产生的现金流量净额上一个单季度金额/实收资本上一个季度期末金额）/（经营活动产生的现金流量净额上一个单季度金额/实收资本上一个季度期末金额）；当分母未公布或为零或小于零时，以NULL表示；,发展能力
F082202B,每股经营活动产生的净流量增长率B,（经营活动产生的现金流量净额本期值/实收资本本期间期末值-经营活动产生的现金流量净额上年同期金额/实收资本上年同期期末金额）/（经营活动产生的现金流量净额上年同期金额/实收资本上年同期期末金额）；当分母未公布或为零或小于零时，以NULL表示；,发展能力
F082301B,经营活动产生的净流量增长率A,（经营活动产生的现金流量净额本年本期单季度金额-经营活动产生的现金流量净额上一个单季度金额）/（经营活动产生的现金流量净额上一个单季度金额）；当分母未公布或为零或小于零时，以NULL表示；,发展能力
F082302B,经营活动产生的净流量增长率B,（经营活动产生的现金流量净额本年本期金额-经营活动产生的现金流量净额上年同期金额）/（经营活动产生的现金流量净额上年同期金额）；当分母未公布或为零或小于零时，以NULL表示；,发展能力
F082401B,投资活动产生的现金流量增长率A,（投资活动产生的现金流量净额本年本期单季度金额―投资活动产生的现金流量净额上一个单季度金额）/（投资活动产生的现金流量净额上一个单季度金额）；当分母未公布或为零或小于零时，以NULL表示；,发展能力
F082402B,投资活动产生的现金流量增长率B,（投资活动产生的现金流量净额本年本期金额―投资活动产生的现金流量净额上年同期金额）/（投资活动产生的现金流量净额上年同期金额）；当分母未公布或为零或小于零时，以NULL表示；,发展能力
F082501B,筹资活动产生的现金流量增长率A,（筹资活动产生的现金流量净额本年本期单季度金额―筹资活动产生的现金流量净额上一个单季度金额）/（筹资活动产生的现金流量净额上一个单季度金额）；当分母未公布或为零或小于零时，以NULL表示；,发展能力
F082502B,筹资活动产生的现金流量增长率B,（筹资活动产生的现金流量净额本年本期金额―筹资活动产生的现金流量净额上年同期金额）/（筹资活动产生的现金流量净额上年同期金额）；当分母未公布或为零或小于零时，以NULL表示；,发展能力
F082601B,可持续增长率,（净利润/所有者权益合计期末余额）*[1-每股派息税前/（净利润本期值/实收资本本期期末值）]/（1-分子）；净资产收益率*收益留存率/（1―净资产收益率*收益留存率）\u000b为该指标的标准公式。,发展能力
F082701A,所有者权益增长率A,（所有者权益本期期末值―所有者权益本期期初值）/所有者权益本期期初值；当分母未公布或为零或小于零时，以NULL表示；,发展能力
F082702A,所有者权益增长率B,（所有者权益本期期末值―所有者权益上年同期期末值）/所有者权益上年同期期末值；当分母未公布或为零或小于零时，以NULL表示；,发展能力
F082801A,每股净资产增长率A,（每股净资产本期期末值―每股净资产本期期初值）/每股净资产本期期初值；\u000b其中：每股净资产=（所有者权益合计）/（实收资本）,发展能力
F082802A,每股净资产增长率B,（每股净资产本期期末值―每股净资产上年同期期末值）/每股净资产上年同期期末值；\u000b其中：每股净资产=（所有者权益合计）/（实收资本）,发展能力
F090101B,每股收益1,净利润本期值/实收资本本期期末值；当分母未公布或为零或小于零时，以NULL表示；,每股指标
F090101C,每股收益TTM1,（净利润）TTM/（实收资本）本期期末值；当分母未公布或为零或小于零时，以NULL表示；,每股指标
F090102B,每股收益2,净利润本期值/最新股本；当分母未公布或为零或小于零时，以NULL表示；,每股指标
F090102C,每股收益TTM2,（净利润）TTM/最新股本；当分母未公布或为零或小于零时，以NULL表示；,每股指标
F090103B,每股收益3,（净利润―营业外收入+营业外支出）本期值/实收资本本期期末值；当分母未公布或为零或小于零时，以NULL表示；,每股指标
F090103C,每股收益TTM3,（净利润―营业外收入+营业外支出）TTM/实收资本本期期末值；当分母未公布或为零或小于零时，以NULL表示；,每股指标
F090104B,每股收益4,（净利润―营业外收入+营业外支出）本期值/最新股本；当分母未公布或为零或小于零时，以NULL表示；,每股指标
F090104C,每股收益TTM4,（净利润―营业外收入+营业外支出）TTM/最新股本；当分母未公布或为零或小于零时，以NULL表示；,每股指标
F090201B,每股综合收益1,（综合收益总额）本期值/（实收资本）本期期末值；当分母未公布或为零或小于零时，以NULL表示；,每股指标
F090201C,每股综合收益TTM1,（综合收益总额）TTM/实收资本本期期末值；当分母未公布或为零或小于零时，以NULL表示；,每股指标
F090202B,每股综合收益2,综合收益总额本期值/最新股本；当分母未公布或为零或小于零时，以NULL表示；,每股指标
F090202C,每股综合收益TTM2,（综合收益总额）TTM/最新股本；当分母未公布或为零或小于零时，以NULL表示；,每股指标
F090301B,归属于母公司每股收益,归属于母公司所有者的净利润本期值/实收资本本期期末值；当分母未公布或为零或小于零时，以NULL表示；,每股指标
F090301C,归属于母公司每股收益TTM,（归属于母公司所有者的净利润）TTM/实收资本本期期末值；当分母未公布或为零或小于零时，以NULL表示；,每股指标
F090401B,归属于母公司每股综合收益,归属于母公司所有者的净利润本期值/实收资本本期期末值；当分母未公布或为零或小于零时，以NULL表示；,每股指标
F090401C,归属于公司每股综合收益TTM,（归属于母公司所有者的净利润）TTM/实收资本本期期末值；当分母未公布或为零或小于零时，以NULL表示；,每股指标
F090501B,每股营业总收入,营业总收入本期值/实收资本本期期末值；当分母未公布或为零或小于零时，以NULL表示；,每股指标
F090501C,每股营业总收入TTM,（营业总收入）TTM/实收资本本期期末值；当分母未公布或为零或小于零时，以NULL表示；,每股指标
F090601B,每股营业收入,营业收入本期值/实收资本本期期末值；当分母未公布或为零或小于零时，以NULL表示；,每股指标
F090601C,每股营业收入TTM,（营业收入）TTM/实收资本本期期末值；当分母未公布或为零或小于零时，以NULL表示；,每股指标
F090701B,息税前每股收益,（净利润+所得税费用+财务费用）本期值/实收资本本期期末值；当分母未公布或为零或小于零时，以NULL表示；,每股指标
F090701C,息税前每股收益TTM,（净利润+所得税费用+财务费用）TTM/实收资本本期期末值；当分母未公布或为零或小于零时，以NULL表示；,每股指标
F090801B,息税折旧摊销前每股收益,（净利润+所得税费用+财务费用+固定资产折旧、油气资产折耗、生产性生物资产折旧+无形资产摊销+长期待摊费用摊销）本期值/实收资本本期期末值；当分母未公布或为零或小于零时，以NULL表示；,每股指标
F090801C,息税折旧摊销前每股收益TTM,（净利润+所得税费用+财务费用+固定资产折旧、油气资产折耗、生产性生物资产折旧+无形资产摊销+长期待摊费用摊销）TTM/实收资本本期期末值,每股指标
F090901B,每股营业利润,营业利润本期值/实收资本本期期末值；当分母未公布或为零或小于零时，以NULL表示；,每股指标
F090901C,每股营业利润TTM,（营业利润）TTM/实收资本本期期末值；当分母未公布或为零或小于零时，以NULL表示；,每股指标
F091001A,每股净资产,所有者权益合计期末值/实收资本本期期末值；当分母未公布或为零或小于零时，以NULL表示；,每股指标
F091101A,每股有形资产,（资产总计―无形资产净额―商誉净额）期末值/实收资本本期期末值；当分母未公布或为零或小于零时，以NULL表示；,每股指标
F091201A,每股负债,负债合计期末值/实收资本本期期末值；当分母未公布或为零或小于零时，以NULL表示；,每股指标
F091301A,每股资本公积,资本公积期末值/实收资本本期期末值；当分母未公布或为零或小于零时，以NULL表示；,每股指标
F091401A,每股盈余公积,盈余公积期末值/实收资本本期期末值；当分母未公布或为零或小于零时，以NULL表示；,每股指标
F091501A,每股未分配利润,未分配利润期末值/实收资本本期期末值；当分母未公布或为零或小于零时，以NULL表示；,每股指标
F091601A,每股留存收益,（盈余公积+未分配利润）期末值/实收资本本期期末值；当分母未公布或为零或小于零时，以NULL表示；,每股指标
F091701A,归属于母公司每股净资产,归属于母公司所有者权益合计期末值/实收资本本期期末值当分母未公布或为零或小于零时，以NULL表示；,每股指标
F091801B,每股经营活动产生的现金流量净额,经营活动产生的现金流量净额本期值/实收资本本期期末值；当分母未公布或为零或小于零时，以NULL表示；,每股指标
F091801C,每股经营活动产生的现金流量净额TTM,（经营活动产生的现金流量净额）TTM/实收资本本期期末值；当分母未公布或为零或小于零时，以NULL表示；,每股指标
F091901B,每股投资活动现金净流量,投资活动产生的现金流量净额本期值/实收资本本期期末值；当分母未公布或为零或小于零时，以NULL表示；,每股指标
F091901C,每股投资活动现金净流量TTM,（投资活动产生的现金流量净额）TTM/实收资本本期期末值；当分母未公布或为零或小于零时，以NULL表示；,每股指标
F092001B,每股筹资活动现金净流量,筹资活动产生的现金流量净额本期值/实收资本本期期末值；当分母未公布或为零或小于零时，以NULL表示；,每股指标
F092001C,每股筹资活动现金净流量TTM,（筹资活动产生的现金流量净额）TTM/实收资本本期期末值；当分母未公布或为零或小于零时，以NULL表示；,每股指标
F092101B,每股企业自由现金流量,（现金及现金等价物净增加额―筹资活动产生的现金流量净额）本期值/实收资本本期期末值；当分母未公布或为零或小于零时，以NULL表示；,每股指标
F092101C,每股企业自由现金流量TTM,（现金及现金等价物净增加额―筹资活动产生的现金流量净额）TTM/实收资本本期期末值；当分母未公布或为零或小于零时，以NULL表示；,每股指标
F092201B,每股股东自由现金流量,（现金及现金等价物净增加额―吸收权益性投资收到的现金―分配股利、利润或偿付利息支付的现金）本期值/实收资本本期期末值,每股指标
F092201C,每股股东自由现金流量TTM,（现金及现金等价物净增加额―吸收权益性投资收到的现金―分配股利、利润或偿付利息支付的现金）TTM/实收资本本期期末值；当分母未公布或为零或小于零时，以NULL表示；,每股指标
F092301B,每股折旧和摊销,（固定资产折旧、油气资产折耗、生产性生物资产折旧+无形资产摊销+长期待摊费用摊销）本期值/实收资本本期期末值；当分母未公布或为零或小于零时，以NULL表示；,每股指标
F092301C,每股折旧和摊销TTM,（固定资产折旧、油气资产折耗、生产性生物资产折旧+无形资产摊销+长期待摊费用摊销）TTM/实收资本本期期末值；当分母未公布或为零或小于零时，以NULL表示；,每股指标
F092401B,每股企业自由现金流（原有）,（净利润+所得税费用+财务费用）*（净利润）/（净利润+所得税费用）+固定资产折旧、油气资产折耗、生产性生物资产折旧+无形资产摊销+长期待摊费用摊销―筹资活动产生的现金流量净额―（流动资产合计―动负债合计）本期变动额）/实收资本本期期末值；当分母未公布或为零或小于零时，以NULL表示；,每股指标
F092501B,每股股权自由现金流（原有）,（净利润+固定资产折旧、油气资产折耗、生产性生物资产折旧+无形资产摊销+长期待摊费用摊销―筹资活动产生的现金流量净额―（流动资产合计―流动负债合计）本期变动额―偿还债务支付的现金+发行债券收到的现金）/实收资本本期期末值；当分母未公布或为零或小于零时，以NULL表示；,每股指标
F092601B,每股现金净流量1,现金及现金等价物净增加额本期值/实收资本本期期末值；当分母未公布或为零或小于零时，以NULL表示；,每股指标
F092601C,每股现金净流量TTM1,（现金及现金等价物净增加额）TTM/实收资本本期期末值；当分母未公布或为零或小于零时，以NULL表示；,每股指标
F092602B,每股现金净流量2,现金及现金等价物净增加额本期值/最新股本；当分母未公布或为零或小于零时，以NULL表示；,每股指标
F092602C,每股现金净流量TTM2,（现金及现金等价物净增加额）TTM/最新股本；当分母未公布或为零或小于零时，以NULL表示；,每股指标
F100101B,市盈率1,今收盘价当期值/（净利润上年年报值/实收资本本期期末值）；当分母未公布或为零或小于零时，以NULL表示；,相对价值指标
F100102B,市盈率2,"今收盘价当期值/（调整因子*净利润当期值/实收资本本期期末值）；当分母未公布或为零或小于零时，以NULL表示；调整因子：调整因子和（利润表科目）会计期间相关（即是：开始日期、截止日期的月份差额）；即是：12/(间隔月份)。比如，一季度为：12/3；前6个月：12/6,；1到9月份：12/9，全年：1；下同",相对价值指标
F100103C,市盈率TTM,今收盘价当期值/（净利润TTM/实收资本本期期末值）；当分母未公布或为零或小于零时，以NULL表示；,相对价值指标
F100201B,市销率1,今收盘价当期值/（营业总收入上年年报值/实收资本本期期末值）；当分母未公布或为零或小于零时，以NULL表示；,相对价值指标
F100202B,市销率2,今收盘价当期值/（调整因子*营业总收入当期值/实收资本本期期末值）；当分母未公布或为零或小于零时，以NULL表示；,相对价值指标
F100203C,市销率TTM,今收盘价当期值/（营业总收入TTM/实收资本本期期末值）；当分母未公布或为零或小于零时，以NULL表示；,相对价值指标
F100301B,市现率1,今收盘价当期值/（经营活动产生的现金流量净额上年年报值/实收资本本期期末值）；当分母未公布或为零或小于零时，以NULL表示；,相对价值指标
F100302B,市现率2,今收盘价当期值/（调整因子*经营活动产生的现金流量净额当期值/实收资本本期期末值）；当分母未公布或为零或小于零时，以NULL表示；,相对价值指标
F100303C,市现率TTM,今收盘价当期值/（经营活动产生的现金流量净额TTM/实收资本本期期末值）；当分母未公布或为零或小于零时，以NULL表示；,相对价值指标
F100401A,市净率,今收盘价当期值/（所有者权益合计期末值/实收资本本期期末值）；当分母未公布或为零或小于零时，以NULL表示；,相对价值指标
F100501A,市值有形资产比,今收盘价当期值/[（资产总计―无形资产净额―商誉净额）期末值/实收资本本期期末值]；当分母未公布或为零或小于零时，以NULL表示；,相对价值指标
F100601B,市盈率母公司1,今收盘价当期值/（归属于母公司所有者的净利润上年年报值/实收资本本期期末值）；当分母未公布或为零或小于零时，以NULL表示；,相对价值指标
F100602B,市盈率母公司2,今收盘价当期值/（调整因子*归属于母公司所有者的净利润当期值/实收资本本期期末值）；当分母未公布或为零或小于零时，以NULL表示；,相对价值指标
F100603C,市盈率母公司TTM,今收盘价当期值/[（归属于母公司所有者的净利润）TTM/实收资本本期期末值]；当分母未公布或为零或小于零时，以NULL表示；,相对价值指标
F100701A,市净率母公司,今收盘价当期值/（归属于母公司所有者权益合计期末值/实收资本本期期末值）；当分母未公布或为零或小于零时，以NULL表示；,相对价值指标
F100801A,市值A,人民币普通股*今收盘价当期值+境内上市的外资股B股*今收盘价当期值*当日汇率+（总股数―人民币普通股―境内上市的外资股B股）*所有者权益合计期末值/实收资本本期期末值+负债合计本期期末值；当分母未公布或为零或小于零时，以NULL表示；,相对价值指标
F100802A,市值B,（总股数―境内上市的外资股B股）*今收盘价A股当期值+境内上市的外资股B股*今收盘价当期值*当日汇率+负债合计本期期末值；当分母未公布或为零或小于零时，以NULL表示；,相对价值指标
F100901A,托宾Q值A,市值A/资产总计；当分母未公布或为零或小于零时，以NULL表示；,相对价值指标
F100902A,托宾Q值B,市值A/（资产总计―无形资产净额―商誉净额）；当分母未公布或为零或小于零时，以NULL表示；,相对价值指标
F100903A,托宾Q值C,市值B/资产总计；当分母未公布或为零或小于零时，以NULL表示；,相对价值指标
F100904A,托宾Q值D,市值B/（资产总计―无形资产净额―商誉净额）；当分母未公布或为零或小于零时，以NULL表示；,相对价值指标
F101001A,账面市值比A,资产总计/市值A；当分母未公布或为零或小于零时，以NULL表示；,相对价值指标
F101002A,账面市值比B,资产总计/市值B；当分母未公布或为零或小于零时，以NULL表示；,相对价值指标
F101101B,本利比,今收盘价本期期末值/每股派息税后；当分母未公布或为零或小于零时，以NULL表示；,相对价值指标
F101201B,普通股获利率A,每股派息税后/今收盘价本期值；当分母未公布或为零或小于零时，以NULL表示；,相对价值指标
F101202B,普通股获利率B,每股派息税后/今收盘价本期值+（今收盘价当期值―今收盘价当期期初值）/今收盘价当期期初值；当分母未公布或为零或小于零时，以NULL表示；,相对价值指标
F101301B,企业价值倍数,总市值/息税折旧摊销前收入；当分母未公布或为零或小于零时，以NULL表示；,相对价值指标
F101302C,企业价值倍数TTM,总市值/息税折旧摊销前收入TTM；当分母未公布或为零或小于零时，以NULL表示；,相对价值指标
F110101B,每股税前现金股利,每股派息税前,股利分配
F110201B,每股税后现金股利,每股派息税后,股利分配
F110301B,股利分配率,每股派息税前/（净利润本期值/实收资本本期期末值）；当分母未公布或为零或小于零时，以NULL表示；,股利分配
F110401B,每股股利变动值,每股派息税前本期―每股派息税前上年同期；,股利分配
F110501B,每股股利变动比率,（每股派息税前本期―每股派息税前上年同期）/每股派息税前上年同期；当分母未公布或为零或小于零时，以NULL表示；,股利分配
F110601B,现金股利保障倍数,（经营活动产生的现金流量净额本期值/实收资本本期期末值）/每股派息税前；当分母未公布或为零或小于零时，以NULL表示；,股利分配
F110701B,股利倍数,（净利润本期值/实收资本本期期末值）/每股派息税前；当分母未公布或为零或小于零时，以NULL表示；,股利分配
F110801B,收益留存率,1―（每股派息税前）/（净利润本期值/实收资本本期期末值）；当分母未公布或为零或小于零时，以NULL表示；,股利分配
